400,13157986.9,13569407.76,13899908.4,14482276.62,
404,15307412.96,15744802.76,16086108.61,16707444.23,
408,17417507.66,17774107.92,18013398.86,18593803.11,
412,18977063.02,19152477.22,19225114.34,19697099.06,
416,19654454.02,19597664.81,19460582.15,19778902.94,
420,19289478.91,18988977.48,18649699.64,18798476.86,
424,17945105,17444005.61,16953172.11,16956121.95,
428,15884268.06,15292350.08,14749853.08,14676860.52,
432,13620046.82,13046205.8,12545143.58,12452531.55,
436,11507359.27,11005700.82,10568432.06,10480340.23,c
440,9687981.278,9272756.96,8917663.486,8850531.335,
444,8227896.266,7891060.156,7604680.525,7553317.938,
448,7034028.508,6760639.351,6521611.428,6483142.192,
452,6072233.337,5852359.881,5666237.449,5643636.239,
456,5324797.883,5144595.666,4989524.523,4972373.656,
460,4689831.515,4539938.342,4405892.178,4394567.078,
464,4174115.297,4051992.869,3949058.361,3947227.196,
468,3775823.373,3672225.838,3582006.48,3579882.7,
472,3413178.915,3323764.761,3241346.942,3241284.237,
476,3112590.647,3039738.645,2978429.428,2985749.087,
480,2893165.773,2830102.172,2775604.393,2781244.947,
484,2679377.236,2622216.002,2567418.126,2572226.289,
488,2490160.482,2444727.618,2405655.401,2417599.534,
492,2375177.235,2337727.048,2307046.53,2319509.473,
496,2268276.459,2231912.757,2195851.902,2204819.948,
500,2152332.336,2124206.078,2097628.248,2112912.708,
504,2107367.014,2090823.357,2079347.597,2101147.653,
508,2111553.873,2096686.562,2082103.503,2101213.297,
512,2095679.786,2084830.663,2071081.432,2093899.694,
516,2131726.786,2139573.911,2147992.898,2186494.031,
520,2299150.825,2323621.791,2347524.956,2396393.764,
524,2534588.835,2568145.399,2594754.017,2651145.688,
528,2838144.346,2901061.089,2954780.127,3039180.032,
532,3385340.007,3497985.232,3598233.059,3720627.073,
536,4193001.254,4316300.522,4415312.433,4538902.778,
540,4887587.431,4939398.717,4960636.849,5032217.65,
544,5046750.333,4987346.641,4913599.249,4919631.639,
548,4644428.653,4513278.932,4394370.447,4364258.699,
552,3996522.09,3861236.673,3749348.818,3716976.371,
556,3409850.471,3313362.823,3233161.579,3219708.314,
560,3065965.922,3030920.884,3003411.332,3028133.422,
564,3122432.862,3164962.317,3209510.151,3286211.452,
568,3649658.612,3753677.783,3847845.7,3959678.249,
572,4407512.002,4500892.539,4568606.234,4662701.106,
576,4868375.581,4862783.534,4831497.201,4856480.812,
580,4620126.074,4489123.247,4356975.414,4307837.867,
584,3740249.902,3546767.34,3381353.337,3301441.921,
588,2712555.344,2550400.6,2423413.795,2362457.889,
592,1983465.96,1896815.746,1828664.148,1803529.868,
596,1636115.866,1599937.612,1564762.725,1559234.346,
600,1465947.175,1434109.245,1402678.491,1395734.876,
