1239.8419840550366,2.0427650895834204,0.00029371853431583387
1227.5663208465708,2.042783424698621,0.0002978854657644821
1215.5313569167024,2.042802040897853,0.0003020983712661987
1203.7300816068318,2.042820942085971,0.0003063582752649223
1192.1557538990735,2.0428401322699528,0.00031066622863586694
1180.8018895762252,2.04285961556221,0.0003150233096411546
1169.662249108525,2.0428793961840506,0.0003194306249284832
1158.7308262196605,2.04289947846929,0.0003238893105752788
1148.0018370879968,2.042919866868032,0.0003284005331809592
1137.4697101422353,2.0429405659506177,0.0003329654910101086
1127.1290764136697,2.042961580411757,0.0003375854151895755
1116.9747604099427,2.0429829150748553,0.00034226157096270583
1107.0017714777111,2.04300457489654,0.0003469952590041744
1097.2052956239263,2.043026564971406,0.0003517878167991173
1087.580687767576,2.0430488905369883,0.00035664062009055516
1078.123464395684,2.0430715569789757,0.0003615550843993901
1068.8292965991695,2.0430945698366827,0.00036653266662159476
1059.6940034658435,2.0431179348087936,0.0003715748667075604
1050.7135458093533,2.0431416577593957,0.00037668322942897105
1041.8840202143165,2.0431657447243206,0.00038185934623898677
1033.2016533791973,2.0431902019178114,0.0003871048572319933
1024.6627967396996,2.0432150357395407,0.00039242145320968517
1016.2639213565874,2.0432402527819957,0.00039781087786079904
1008.0016130528752,2.0432658598382636,0.00040327493006244705
999.8725677863199,2.043291863910232,0.0004088154663116571
991.8735872440293,2.0433182722172503,0.0004144344032964773
984.0015746468545,2.043345092205257,0.00042013372061682326
976.2535307519973,2.043372331556439,0.00042591546366613903
968.6265500429973,2.043399998199425,0.000431781746685948
961.1178170969275,2.0434281003200816,0.0004377347560064638
953.724603119259,2.0434566463729364,0.0004437767534876534
946.4442626374324,2.0434856450932783,0.00044991008017649303
939.2742303447247,2.04351510550999,0.00045613716019765783
932.2120180864937,2.0435450369591623,0.0004624605048965508
925.2552119813705,2.0435754490985545,0.0004688827172554289
918.4014696703974,2.0436063519229597,0.0004754064966054554
911.648517687527,2.04363775578055,0.00048203464365981013
904.9941489452823,2.043669671390284,0.0004887700658955636
898.4362203297369,2.043702109860451,0.0004956157833149174
891.9726503993069,2.0437350827084524,0.0005025749346196426
885.601417182169,2.043768601881923,0.0005096507838361802
879.3205560674018,2.043802679781302,0.0005168467274329657
873.1281577852371,2.0438373292839773,0.0005241663019761425
867.0223664720537,2.043872563770141,0.0005316131923750268
861.0013778159977,2.043908397150509,0.0005391912407745735
855.0634372793356,2.043944843896059,0.0005469044561587533
849.2068383938607,2.0439819190699913,0.0005547570247363075
843.4299211258752,2.044019638362093,0.0005627533211889485
837.7310703074572,2.044058018125749,0.0005708979208718616
832.1087141308972,2.0440970754178402,0.0005791956130675464
826.5613227033577,2.044136828041813,0.0005876514154068191
821.0874066589647,2.044177294594227,0.0005962705895854451
815.685515825682,2.0442184945151363,0.0006050586585217212
810.3542379444683,2.0442604481426776,0.0006140214251196811
805.0921974383355,2.0443031767723174,0.000623164992824976
799.8980542290558,2.0443467027212323,0.0006324957881863282
794.7705025993824,2.044391049398378,0.0006420205856654315
789.7082700987494,2.0444362413808608,0.0006517465349730211
784.7101164905295,2.044482304497314,0.0006616811912494089
779.7748327390168,2.0445292659190555,0.000671832548455219
774.9012400343979,2.044577154259936,0.0006822090763935853
770.08818885406,2.0446259996858718,0.0006928197618503448
765.3345580586646,2.0446758340352336,0.000703674154415617
760.6392540214948,2.04472669095139,0.0007147824176410059
756.0012097896564,2.0447786060289195,0.0007261553862943293
751.4193842757797,2.0448316169752063,0.0007378046306018208
746.8927614789377,2.0448857637893987,0.0007497425285205056
742.420349733555,2.0449410889610045,0.0007619823472663397
738.0011809851408,2.044997637690757,0.0007745383355434606
733.6343100917376,2.0450554581367824,0.0007874258281848745
729.3188141500215,2.04511460168961,0.0008006613652357978
725.0537918450507,2.0451751232801296,0.0008142628279007851
720.8383628226958,2.045237081725297,0.0008282495942518784
716.6716670838363,2.045300540117205,0.0008426427181785115
712.5528643994463,2.0453655662621344,0.0008574651357786577
708.4811337457352,2.045432233177359,0.0008727419042799183
704.4556727585436,2.045500619654927,0.0008885004796850511
700.4756972062354,2.0455708109033464,0.0009047710407185719
696.5404404803578,2.045642899280214,0.0009215868683879336
692.6491531033724,2.045716985131363,0.0009389847926678844
688.8011022527982,2.0457931777552494,0.0009570057206072327
684.9955713011252,2.045871596515145,0.0009756952637270972
681.2318593708992,2.045952372126439,0.0009951044871762465
677.5092809043915,2.046035648152273,0.0010152908090683402
673.8271652473026,2.046121582748056,0.0010363190862076243
670.1848562459656,2.0462103507046137,0.0010582629326487448
666.5817118575467,2.0463021458512616,0.0010812063311172043
663.0171037727467,2.0463971838946797,0.0011052456154830694
659.4904170505514,2.0464957057879314,0.0011304919269977216
656.0010497645695,2.046597981747441,0.0011570742804064458
652.5484126605455,2.0467043160657084,0.0011851434220159968
649.1319288246265,2.0468150529057962,0.00121487672572578
645.7510333619983,2.0469305833125615,0.0012464844629494303
642.4051730855113,2.0470513537380794,0.0012802179103461688
639.0938062139364,2.047177876458048,0.001316379943799707
635.8164020795059,2.0473107423556582,0.0013553390367112724
632.5724408444065,2.0474506366720746,0.001397547980379328
629.3614132259069,2.0475983584677087,0.0014435692459187335
626.1828202298165,2.0477548446965033,0.0014941098277544622
623.0361728919781,2.0479211999359643,0.001550069841795966
619.9209920275183,2.0480987328593345,0.0016126114234320662
616.8368079875805,2.048289000293553,0.0016832581425532834
613.7831604232854,2.0484938587392154,0.0017640412073915651
610.7595980566682,2.048715520533706,0.0018577189171502606
607.7656784583512,2.048956605113227,0.0019681133125334163
604.8009678317252,2.049220159723614,0.0021006385392295665
601.8650408034159,2.049509585811459,0.0022631495449511214
598.9574802198243,2.0498283168530076,0.002467335544382762
596.0778769495367,2.0501788767965827,0.002731047391180214
593.2258296914051,2.0505604274895077,0.0030821998402114767
590.4009447881126,2.050962682952143,0.0035651113790446955
587.602836045041,2.051351406195179,0.0042494377883912126
584.8311245542625,2.0516367274932374,0.005235742040209046
582.0854385234913,2.051620640546551,0.006623265812858572
579.3654131098302,2.05098774292943,0.008326754784236261
576.6706902581565,2.049568408662865,0.009679093571808845
574.0009185439984,2.047813603500466,0.00967000419441593
571.3557530207543,2.046542185359434,0.008433148673224308
568.7348550711177,2.0460860063428106,0.007021038196270552
566.1378922625738,2.0462134246034083,0.005992682587707085
563.5645382068349,2.046618289091077,0.0053912200059816435
561.0144724230935,2.047118439896746,0.005126928004693363
558.4873802049715,2.047625003392259,0.005124814558919774
555.9829524910479,2.0480877733354044,0.005345915334500902
553.5008857388556,2.0484603387230425,0.005777794770111646
551.0408818022385,2.048679412648856,0.006416063939179803
548.6026478119632,2.0486569737339733,0.007231908341385141
546.1858960594875,2.0482994682627274,0.008118723718264814
543.790343883788,2.0475739960420665,0.008846089287424277
541.4157135611514,2.0465938891425477,0.00912127314161227
539.061732197842,2.0456131310817165,0.008805213785150092
536.728131625557,2.0448794536277566,0.008047726058248333
534.4146482995847,2.0444939784350646,0.007136382171098044
532.1210231995865,2.044415196158571,0.006285436339596329
529.8470017329217,2.0445463965373145,0.005583132790639654
527.5923336404411,2.044799628447299,0.005038194675049717
525.3567729046765,2.0451146872832457,0.004628313833690486
523.140077660353,2.0454557389543857,0.004325360930356909
520.9420101071582,2.0458032253075364,0.0041045503552774466
518.7623364247015,2.0461472693394787,0.003946442791897166
516.6008266895985,2.046483422442677,0.0038364812273711498
514.4572547946209,2.0468101670575223,0.003763952246050606
512.3313983698498,2.0471275124834403,0.0037210018477672434
510.2230387057765,2.0474362232898606,0.0037018580638314954
508.1319606782937,2.047737402374513,0.0037022571603911383
506.0579526755251,2.048032270127073,0.003719031549750179
504.0008065264376,2.0483220513269518,0.0037498165512616496
501.96031743118897,2.048607920915265,0.003792841749184585
499.93628389315995,2.0488909816727157,0.0038467818533228487
497.92850765262506,2.049172258920187,0.003910649337896185
495.93679362201465,2.049452704045164,0.00398371652364539
493.96094982272376,2.049733202374294,0.004065458553504906
492.00078732342723,2.0500145829903804,0.00415551132637694
490.05612017985635,2.050297629260351,0.004253640250357552
488.1267653759987,2.0505830895017017,0.004359716914781053
486.2125427666811,2.0508716875926556,0.004473701640098977
484.31327502149867,2.0511641335515662,0.004595630469460278
482.42878757005315,2.051461134245498,0.004725605600310661
480.55890854846376,2.051763404477418,0.004863788576636304
478.70346874711845,2.052071678769879,0.005010395813903138
476.8623015596295,2.0523867242243465,0.005165696239914842
475.03524293296414,2.0527093548971136,0.005330011030224204
473.2221313187162,2.0530404481989013,0.005503715618069057
471.42280762548927,2.0533809638956955,0.005687244387582117
469.63711517236237,2.053731966359517,0.005881098738885086
467.86489964341,2.0540946507802174,0.006085859572520131
466.10600904324684,2.05447037408588,0.006302205712716027
464.36029365357183,2.054860691299829,0.006530940416655515
462.62760599068537,2.0552673979378406,0.006773028952152833
460.9078007639541,2.0556925787415876,0.007029651330344503
459.2007348351987,2.0561386624330735,0.007302275720765111
457.5062671789803,2.056608481077234,0.0075927599180754465
455.8242588437635,2.05710533078824,0.00790349051356351
454.1545729139328,2.0576330275282615,0.008237572126946893
452.49707447264115,2.0581959471066043,0.008599082013851778
450.8516305654679,2.0587990315259965,0.008993408157665195
449.21811016486845,2.0594477337655506,0.009427690694281073
447.59638413539227,2.060147859187535,0.009911385557321933
445.98632519965344,2.0609052436141653,0.010456962764320843
444.387807905031,2.0617251863543355,0.011080735384209617
442.8007085910845,2.0626115338235342,0.011803782625146496
441.22490535766434,2.063565292510812,0.012652873736958961
439.6602780337009,2.064582651552542,0.01366121070860675
438.10670814665605,2.065652335592224,0.014868683735775469
436.56407889261857,2.0667523159191754,0.016321183779389042
435.03227510703033,2.067846111416287,0.018068376552872058
433.5111832360268,2.068879225143653,0.020159286355321687
432.0006913083751,2.0697766588914592,0.02263518305780482
430.50068890799884,2.0704428212217656,0.025519744499753305
429.01106714707146,2.070765294891972,0.02880735522758776
427.53171863966776,2.0706236011475694,0.032451601141640515
426.0625374759576,2.0699031009200235,0.03635715031078639
424.60341919693036,2.0685125665457686,0.04037864513977919
423.1542607696371,2.0664021909263983,0.04432935162292305
421.7149605629376,2.0635776456267756,0.04799994678186087
420.2854183237412,2.0601060057722513,0.051184595845543385
418.8655351537286,2.056111178026024,0.05370868616761208
417.4552134865443,2.0517593629489728,0.055451603405915595
416.0543570654486,2.0472379133721583,0.05635934073486744
414.662870921417,2.0427325627352397,0.05644492639919578
413.2806613516789,2.0384078489498716,0.05577820245683647
411.90763589868317,2.034393948795895,0.054468958378209205
410.54370332948236,2.0307809283683076,0.05264812824976539
409.18877361552364,2.0276195041450666,0.05045091971175582
407.842757912841,2.024926317052076,0.048004120097249456
406.505568542635,2.022691495712543,0.04541820525613092
405.17711897223415,2.0208866592338017,0.04278373192832385
403.8573237964289,2.0194721374637132,0.040170937103277085
402.54609871916773,2.0184027997748437,0.03763137644474957
401.2433605356106,2.017632344818726,0.035200611515017896
399.9490271145279,2.017116183755268,0.032901231794615016
398.66301738104073,2.0168131786328027,0.030745765454319143
397.3852512996912,2.016686525615908,0.028739244181686174
396.1156498578392,2.0167040452147575,0.02688133226403728
394.8541350493747,2.016838091235217,0.025168017845045042
393.60062985874174,2.0170652364112023,0.023592910121447413
392.35505824526473,2.017365845269887,0.02214820482234162
391.1173451277718,2.0177236071315345,0.02082538293464913
389.88741636950834,2.01812507430186,0.01961570205952682
388.66519876333444,2.018559231030438,0.0185105308303015
387.45062001719896,2.0190171058240716,0.017501567225827318
386.2436087398868,2.019491431467592,0.016580972750713425
385.04409442702996,2.0199763521756102,0.015741446890965495
383.8520074473798,2.020467174581071,0.014976260108904155
382.6672790293323,2.020960157969986,0.014279258812923622
381.48984124770357,2.021452338749216,0.013644852034405562
380.3196270107474,2.02194138421995,0.01306798675536522
379.1565700474118,2.0224254710864753,0.012544116760489577
378.0006048948282,2.022903184609928,0.012069168368793664
376.85166688602936,2.023373434830736,0.011639505297006468
375.7096921378898,2.023835386781227,0.011251894111651832
374.57461753928595,2.0242884020651415,0.010903471156787461
373.4463807394689,2.024731989582925,0.010591711436484207
372.3249201366477,2.02516576352851,0.0103143996378329
371.2101748667775,2.025589407078473,0.010069603265812696
370.1020847925482,2.0260026404439815,0.009855647698836888
369.0005904925704,2.02640519216806,0.009671092842829243
367.9056332507527,2.026796772734386,0.009514710946720654
366.8171550458688,2.0271770497192616,0.009385465031384132
365.73509854130873,2.027545623877108,0.009282487268299318
364.6594070750108,2.027902005714529,0.00920505651749659
363.5900246495708,2.0282455922941804,0.009152574093578971
362.52689592252534,2.028575644234598,0.009124536675085036
361.4699661968036,2.0288912631563605,0.009120505113453768
360.4191814113479,2.0291913701905493,0.009140067749658469
359.37448813189474,2.0294746866352313,0.009182796738373593
358.33583354191813,2.0297397184384725,0.009248195858377314
357.30316543372817,2.0299847469109693,0.009335638424108993
356.27643219972316,2.030207828914401,0.00944429430502006
355.25558282379274,2.030406810681844,0.009573045833333502
354.2405668728676,2.030579360292683,0.009720393684924116
353.23133448861444,2.0307230244511234,0.009884355798404054
352.2278363792718,2.0308353153052585,0.010062365151960115
351.23002381162513,2.0309138321879168,0.01025117571772884
350.2378486031177,2.0309564208882307,0.010446789896160692
349.25126311409474,2.0309613689364983,0.010644424577188803
348.2702202401789,2.0309276291887635,0.010838535614792456
347.29467340477214,2.0308550560021255,0.011022920454691582
346.3245765516862,2.0307446295279417,0.011190914276964309
345.35988413789323,2.0305986360581825,0.011335685051187936
344.4005511263991,2.030420768617786,0.011450617287348697
343.4465329792345,2.0302161148697273,0.011529754916780493
342.4977856505626,2.0299910106471937,0.011568254842626352
341.55426557989995,2.0297527565958298,0.011562790015704516
340.6159296854496,2.0295092191591153,0.011511839890819216
339.6827353575443,2.029268359716127,0.011415819538769608
338.75464045219576,2.0290377506761943,0.011277024698668335
337.83160328475117,2.028824140131891,0.011099402249939069
336.9135826236512,2.028633116381863,0.010888185170122444
336.0005376842918,2.028468903484602,0.010649450247637648
335.0924281229828,2.028334294952262,0.010389661759564215
334.1892140310071,2.0282307110435105,0.010115255967890684
333.2908559287733,2.0281583503498912,0.009832304255130596
332.39731476006347,2.0281164001200747,0.009546272930326824
331.50855188637337,2.0281032710625597,0.009261880189868548
330.6245290813431,2.02811682871173,0.008983038293810624
329.7452085252757,2.0281546020108907,0.008712862402355944
328.87055279974453,2.028213958264645,0.008453725846932866
328.00052488228476,2.0282922406358965,0.00820734331971618
327.1350881411706,2.0283868693524663,0.007974866957249471
326.27420633027276,2.028495410793402,0.007756984313506336
325.4178435839991,2.0286156200186634,0.0075540109641409016
324.56596441231324,2.028745462564077,0.007365973558161797
323.718533695832,2.028883120887606,0.007192681423731569
322.87551668099917,2.029026990068597,0.007033786397593986
322.03687897533416,2.0291756664660894,0.00688883151599411
321.2025865427557,2.0293279321797106,0.00675728972997859
320.37260569897586,2.029482737401156,0.0066385940269035664
319.5469031069682,2.029639182123539,0.0065321603633185866
318.72544577250295,2.0297964981898957,0.006437404723917073
317.90820103975307,2.029954032296341,0.006353755473480758
317.0951365869659,2.0301112302998683,0.006280662000316472
316.28622042220326,2.0302676229946255,0.006217600482647358
315.4814208791442,2.0304228133950835,0.006164077455806558
314.68070661295343,2.030576465483824,0.0061196317233930386
313.88404659621176,2.0307282943333003,0.006083835041280258
313.09141011490823,2.0308780574849243,0.006056291908733887
312.30276676449284,2.0310255474581203,0.006036638723951103
311.51808644598907,2.031170585261145,0.006024542499679631
310.73733936216456,2.03131301478082,0.006019699285755504
309.96049601375915,2.031452697937171,0.006021832407127917
309.18752719576975,2.0315895104996415,0.00603069059619902
308.41840399379026,2.0317233384727995,0.0060460460753763625
307.6530977804061,2.0318540749705933,0.006067692628188332
306.8915802116427,2.0319816175088454,0.00609544368398413
306.1338232234658,2.0321058656554576,0.006129130431195481
305.3797990283341,2.0322267189867746,0.006168599966635144
304.62948011180254,2.0323440753066144,0.006213713482766058
303.8828392291756,2.032457829091672,0.006264344490841056
303.1398494022095,2.0325678701334486,0.0063203770749391186
302.4004839158626,2.032674082352595,0.006381704169944449
301.6647163150941,2.0327763427666836,0.006448225855230965
300.93252040170796,2.0328745205970353,0.006519847655080846
300.20387023124374,2.0329684765043847,0.006596478836577008
299.47874010991217,2.0330580619469463,0.00667803069579487
298.757104591575,2.0331431186579323,0.006764414823532761
298.0389384747684,2.033223478242754,0.0068555413425396465
297.324216799769,2.033298961899137,0.006951317109214858
296.61291484570256,2.033369380266116,0.0070516438740736535
295.90500812769375,2.0334345334104764,0.007156416396909297
295.2004723940563,2.0334942109615537,0.0072655205145595375
294.49928362352415,2.033548192407486,0.00737883116152951
293.8014180225205,2.03359624756788,0.007496210346461956
293.10685202246725,2.0336381372595014,0.007617505090604962
292.41556227713124,2.0336736141728045,0.007742545338028736
291.7275256600086,2.0337024239779518,0.007871141851395628
291.0427192617457,2.033724306679206,0.008003084111590496
290.36112038759643,2.0337389982362137,0.008138138244447686
289.6827065549151,2.033746232469517,0.008276045003120009
289.00745549068455,2.033745743265605,0.00841651784024594
288.33534512907823,2.0337372670936764,0.008559241109868877
287.6663536090572,2.033720545842076,0.008703868444889708
287.0004592719992,2.033695329976801,0.008850021361487976
286.3376406593618,2.033661382017613,0.008997288147171774
285.67787651037713,2.0336184803189545,0.009145223093610348
285.02114575977856,2.033566423133156,0.009293346138811694
284.3674275355589,2.0335050329223794,0.009441142985138921
283.716701156759,2.033434160873479,0.009588065759692137
283.0689461312869,2.0333536915568042,0.009733534281286727
282.4241421537668,2.0332635476562437,0.009876937993218593
281.78226910341743,2.033163694684033,0.010017638612852344
281.1433070419584,2.0330541455805493,0.010154973537515353
280.50723621154674,2.0329349650873687,0.010288260031064948
279.8740370327397,2.0328062737718033,0.010416800196824262
279.24369010248574,2.0326682515741314,0.010539886720562936
278.61617619214303,2.032521140745324,0.010656809342281002
277.9914762455239,2.0323652480443193,0.010766861988446097
277.36957137696567,2.032200946070273,0.010869350468006583
276.7504428694278,2.032028673617354,0.0109636006071717
276.1340721726139,2.031848934957691,0.01104896667103424
275.52044090111923,2.031662297981948,0.011124839896159883
274.90953083260234,2.0314693911561967,0.011190656938872123
274.3013239059816,2.031270899287449,0.011245908030636055
273.69580221965487,2.0310675581271314,0.011290144626005529
273.09294802974375,2.0308601478803556,0.011322986331038818
272.49274374835966,2.030649485727201,0.011344126911466466
271.895171941894,2.030436417498526,0.011353339200249012
271.3002153293297,2.0302218086808836,0.01135047875296473
270.7078567805757,2.0300065349513643,0.011335486135622446
270.1180793148228,2.0297914724617887,0.011308387771393535
269.530866098921,2.0295774881018285,0.011269295318374376
268.94620044577806,2.029365429971389,0.01121840359752788
268.3640658127785,2.0291561182842193,0.011155987136004176
267.7844458002239,2.0289503369074273,0.011082395433775271
267.2073241497923,2.028748825716707,0.010998047098849882
266.6326847430186,2.028552273915842,0.010903423026568734
266.06051159979324,2.0283613144334436,0.010799058820422962
265.49078887688154,2.028176519471688,0.010685536664857043
264.92350086646087,2.027998397243164,0.010563476864548524
264.35863199467735,2.027827389894583,0.010433529260169803
263.79616682022055,2.027663872581767,0.010296364718552387
263.2360900329165,2.0275081536302233,0.010152666876758865
262.67838645233826,2.027360475690771,0.010003124296309139
262.12304102643475,2.0272210177805734,0.00984842315729188
261.5700388301765,2.027089898086774,0.009689240593882247
261.0193650642182,2.0269671774025637,0.009526238744333646
260.4710050535791,2.026852863063375,0.009360059561068742
259.92494424633895,2.0267469132535743,0.009191320401081926
259.38116821235076,2.026649241560481,0.009020610394237695
258.83966264197005,2.0265597216621125,0.0088484875677009
258.30041334479927,2.026478192046775,0.008675476688916498
257.76340624844835,2.0264044606757654,0.008502067777307533
257.22862739731045,2.0263383095142324,0.008328715226043665
256.6960629513533,2.026279498869066,0.008155837469583925
256.1656991849249,2.0262277714860217,0.007983817129856989
255.63752248557458,2.026182856370809,0.007813001573500865
255.11151935288825,2.0261444723102024,0.007643703814110782
254.5876763973381,2.0261123310793128,0.007476203696513535
254.06598033914685,2.0260861403297863,0.007310749304299265
253.54641800716493,2.0260656061610036,0.007147558536835722
253.02897633776254,2.0260504353822144,0.006986820807452781
252.5136423737345,2.0260403374782014,0.006828698820149281
252.0004032632188,2.026035026294557,0.006673330387829957
251.48924625862816,2.026034221461073,0.006520830260558027
250.98015871559448,2.026037649573369,0.0063712919374878905
250.47312809192658,2.0260450451536514,0.00622478944093721
249.96814194657998,2.0260561514117645,0.006081379035415394
249.46518793863916,2.0260707208273447,0.005941100878320088
248.96425382631253,2.0260885155732815,0.0058039805924403045
248.46532746593917,2.0261093077996866,0.005670030753373018
247.96839681100732,2.026132879796464,0.005539252287494356
247.47344991118496,2.0261590240512457,0.005411635778254449
246.98047491136185,2.02618754321813,0.0052871626803239515
246.4894600507031,2.0262182500112687,0.00516580644254644
246.00039366171362,2.0262509670359723,0.005047533541782628
245.5132641693142,2.026285526568674,0.004932304430608183
245.02806008992818,2.026321770295823,0.004820074402480236
244.5447700305792,2.026359549020567,0.0047107943784541455
244.06338268799934,2.026398722344995,0.004604411619839457
243.5838868477479,2.0264391583346466,0.004500870371361756
243.10627138334056,2.026480733171096,0.00440011243946736
242.63052525538876,2.026523330797535,0.0043020777103930955
242.15663751074933,2.0265668425615577,0.0042067046125412256
241.68459728168358,2.0266111668586224,0.004113930527565844
241.2143937850266,2.0266562087791185,0.004023692154404871
240.7460163213663,2.0267018797613896,0.003935925830292099
240.27945427423188,2.026748097252634,0.003850567812566038
239.81469710929144,2.02679478437919,0.003767554524863323
239.35173437355922,2.0268418696273556,0.003686822771051335
238.89055569461203,2.0268892865356225,0.003608309920020786
238.43115077981474,2.0269369733989144,0.0035319540642293566
237.97350941555408,2.026984872985237,0.003457694154663807
237.51762146648213,2.027032932264945,0.003385470114673367
237.063476874768,2.027081102152688,0.0033152229349221085
236.6110656593581,2.0271293372619774,0.0032468947515142403
236.16037791524505,2.0271775956722076,0.003180428909163812
235.71140381274463,2.0272258387078885,0.0031157700111100455
235.26413359678114,2.027274030729781,0.003052863957320515
234.81855758618119,2.027322138937575,0.0029916579723775682
234.3746661729748,2.027370133183716,0.0029321006243073957
233.93244982170503,2.0274179857979586,0.002874141835486416
233.49189906874514,2.027465671422206,0.002817732886644876
233.05300452162342,2.0275131668551816,0.002762826414882835
232.6157568583558,2.027560450906485,0.0027093764065179507
232.18014682678591,2.0276075042595676,0.0026573381854975617
231.74616524393207,2.0276543093431902,0.0026066683980283108
231.31380299534263,2.0277008502109073,0.0025573249940049757
230.88305103445748,2.0277471124281594,0.002509267205755207
230.45390038197706,2.0277930829665465,0.0024624555245583908
230.02634212523873,2.027838750104879,0.0024168516753439355
229.60036741759936,2.027884103336622,0.002372418589926725
229.17596747782562,2.02792913328335,0.0023291203790947995
228.75313358949015,2.027973831613865,0.002286922303825819
228.33185710037506,2.028018190968629,0.0022457907458746655
227.91212942188173,2.0280622048891885,0.00220569317794354
227.49394202844707,2.0281058677522874,0.0021665981336186292
227.0772864569664,2.028149174708372,0.0021284751772326343
226.66215430622242,2.02819212162421,0.0020912948737908423
226.24853723632057,2.0282347050293694,0.0020550287590787235
225.83642696813052,2.028276922066304,0.0020196493100519152
225.42581528273394,2.028318770443821,0.001985129915593991
225.0166940208778,2.0283602483937013,0.0019514448477139467
224.60905508243417,2.0284013546302844,0.0019185692332432506
224.20289042586558,2.0284420883128025,0.001886479026081713
223.79819206769614,2.0284824490103044,0.0018551509800321382
223.3949520819886,2.0285224366689856,0.001824562622255498
222.99316259982672,2.02856205158177,0.0017946922273711701
222.5928158088037,2.0286012943599934,0.001765518792220528
222.1939039525155,2.0286401659070505,0.0017370220113066223
221.79641933006025,2.0286786673938715,0.001709182252918031
221.40035429554223,2.0287168002361105,0.0016819805359407167
221.0057012575823,2.0287545660729247,0.0016553985073582593
220.61245267883217,2.0287919667472454,0.0016294184204376882
220.22060107549495,2.028829004287434,0.0016040231135956199
219.83013901685047,2.0288656808902354,0.0015791959899371106
219.44105912478526,2.0289019989049337,0.0015549209974577956
219.05335407332802,2.0289379608186393,0.0015311826098983428
218.66701658818988,2.0289735692426216,0.001507965808238908
218.28203944630928,2.029008826899623,0.0014852560628202925
217.89841547540183,2.0290437366120835,0.0014630393160776152
217.51613755351516,2.029078301291216,0.001441301965871662
217.13519860858784,2.0291125239268757,0.0014200308494025963
216.75559161801343,2.0291464075781676,0.0013992132276903384
216.37730960820883,2.0291799553647447,0.0013788367706056865
216.00034565418756,2.0292131704587426,0.0013588895424361514
215.6246928791368,2.0292460560773202,0.001339359987970366
215.25034445399942,2.0292786154757505,0.0013202369190850626
214.87729359706006,2.029310851941037,0.0013015095018186402
214.50553357353573,2.029342768786009,0.0012831672439155416
214.13505769517042,2.029374369343869,0.001265199982825854
213.7658593198339,2.0294056569631644,0.0012475978741448123
213.39793185112507,2.0294366350031434,0.0012303513804771558
213.0312687379788,2.0294673068294804,0.001213451260711587
212.6658634742773,2.029497675810337,0.0011968885596909404
212.30170959846518,2.0295277453127443,0.0011806545982639928
211.93880069316862,2.029557518699273,0.0011647409637052203
211.5771303848185,2.0295869993249807,0.0011491395004891815
211.2166923432771,2.0296161905346155,0.0011338423014065585
210.8574802814688,2.029645095660053,0.001118841699009309
210.49948795501473,2.029673718017958,0.0011041302573727286
210.1427091618706,2.029702060907647,0.0010897007641626371
209.78713774196896,2.029730127609148,0.0010755462229962449
209.4327675768643,2.029757921381431,0.0010616598460856644
209.07959258938226,2.0297854454608104,0.0010480350471533968
208.72760674327213,2.029812703059495,0.0010346654346094755
208.37680404286328,2.0298396973642836,0.0010215448049803303
208.0271785327243,2.0298664315353947,0.00100866713657975
207.67872429732608,2.0298929087054165,0.0009960265834127247
207.3314354607085,2.0299191319783727,0.0009836174693032245
206.98530618614967,2.0299451044288923,0.0009714342822373405
206.64033067583944,2.029970829101483,0.0009594716689135023
206.2965031705552,2.029996309009889,0.0009477244294918202
205.95381794934158,2.0300215471365384,0.0009361875125348927
205.61226932919348,2.0300465464320685,0.0009248560101326976
205.27185166474118,2.0300713098149203,0.0009137251532044743
204.93255934793996,2.030095840171005,0.000902790306970802
204.59438680776182,2.030120140353428,0.0008920469665892874
204.2573285098907,2.0301442131822753,0.0008814907529475926
203.9213789564205,2.0301680614444466,0.0008711174086077182
203.58653268555608,2.030191687893544,0.0008609227938957518
203.25278427131747,2.0302150952498033,0.0008509028831314706
202.92012832324656,2.030238286200062,0.0008410537609924448
202.58855948611708,2.030261263397775,0.0008313716190074599
202.2580724396471,2.0302840294630586,0.0008218527521743335
201.92866189821444,2.030306586982767,0.0008124935556973461
201.60032261057506,2.0303289385106025,0.0008032905218397169
201.27304935958387,2.0303510865672494,0.0007942402368867541
200.9468369619184,2.030373033640535,0.000785339378215439
200.6216802678053,2.0303947821856085,0.0007765847114664234
200.29757416074906,2.0304163346251487,0.0007679730878145331
199.97451355726395,2.0304376933495814,0.0007595014413340634
199.65249340660816,2.03045886071732,0.0007511667864552704
199.33150869052037,2.0304798390550216,0.0007429662155086273
199.0115544229593,2.0305006306578495,0.0007348968963535399
198.6926256498456,2.0305212377897583,0.0007269560700883526
198.37471744880585,2.0305416626837833,0.0007191410488385856
198.0578249289196,2.0305619075423413,0.0007114492136205012
197.74194323046834,2.0305819745375424,0.0007038780122771715
197.42706752468735,2.030601865811505,0.000696424957484363
197.11319301351935,2.030621583476683,0.0006890876248236347
196.80031492937087,2.0306411296161935,0.0006818636509201793
196.48842853487108,2.030660506284156,0.0006747507316429992
196.17752912263236,2.030679715506027,0.0006677466203651409
195.8676120150137,2.030698759278946,0.0006608491262817653
195.5586725638859,2.0307176395720816,0.0006540561127839488
195.25070615039945,2.0307363583269784,0.0006473654958861769
194.94370818475417,2.030754917457906,0.0006407752427055728
194.63767410597123,2.0307733188522126,0.0006342833699909835
194.33259938166722,2.0307915643706735,0.0006278879427001228
194.02847950783047,2.0308096558478446,0.0006215870726230296
193.72531000859948,2.030827595092413,0.0006153789170501818
193.42308643604315,2.0308453838875486,0.0006092616774836573
193.1218043699434,2.0308630239912535,0.0006032335983898036
192.82145941757955,2.0308805171367106,0.0005972929659919395
192.52204721351498,2.030897865032631,0.0005914381071016595
192.22356341938553,2.030915069363598,0.0005856673879873778
191.9260037236899,2.030932131790413,0.0005799792132787874
191.62936384158215,2.030949053950435,0.000574372024905982
191.33363951466615,2.0309658374579165,0.0005688443010720073
191.03882651079147,2.0309824839043444,0.0005633945552576893
190.74492062385178,2.030998994858769,0.0005580213352575909
190.45191767358475,2.0310153718681345,0.0005527232222460382
190.1598135053737,2.031031616457607,0.0005474988298721523
189.86860399005155,2.031047730130898,0.0005423468033828986
189.5782850237059,2.0310637143705836,0.0005372658187731786
189.2888525274865,2.0310795706384224,0.0005322545819620405
189.0003024474141,2.031095300375667,0.0005273118279941127
188.71263075419128,2.031110905003377,0.0005224363202654008
188.42583344301468,2.0311263859227218,0.0005176268497726134
188.13990653338945,2.0311417445152835,0.0005128822343852271
187.8548460689449,2.031156982143358,0.0005082013181395188
187.5706481172521,2.031172100150247,0.0005035829705538213
187.28730876964298,2.03118709986055,0.0004990260859642947
187.00482414103115,2.031201982580452,0.0004945295828805277
186.72319036973445,2.0312167495980056,0.0004900924033602995
186.44240361729874,2.0312314021834124,0.00048571351240287645
186.16246006832384,2.031245941589296,0.00048139189736021956
185.88335593029038,2.031260369050976,0.0004771265673655161
185.60508743338875,2.0312746857867356,0.00047291655277846404
185.32765083034926,2.031288892998083,0.0004687609046467605
185.0510423962741,2.0313029918700156,0.0004646586941832618
184.77525842847044,2.031316983571273,0.00046060901225830695
184.5002952462852,2.0313308692545924,0.00045661096890671
184.22614919094156,2.0313446500569534,0.00045266369284894777
183.95281662537636,2.031358327099828,0.00044876633102608574
183.6802939340795,2.031371901489418,0.00044491804814799426
183.4085775229344,2.0313853743168933,0.0004411180262544382
183.13766381906004,2.031398746658627,0.00043736546428862013
182.86754927065437,2.0314120195764254,0.00043365957768279025
182.598230346839,2.0314251941177535,0.0004299995979555241
182.3297035375054,2.0314382713159587,0.00042638477232031965
182.06196535316246,2.0314512521904904,0.00042281436330513737
181.7950123247854,2.031464137747116,0.00041928764838255637
181.52884100366572,2.031476928978134,0.00041580391961019763
181.26344796126267,2.0314896268625815,0.0004123624832811069
180.9988297890564,2.0315022323664422,0.000408962659583783
180.7349830984018,2.0315147464428476,0.00040560378227154977
180.4719045203838,2.031527170032276,0.0004022851983409852
180.20959070567395,2.0315395040627484,0.0003990062677191295
179.94803832438848,2.031551749450022,0.00039576636295920146
179.68724406594737,2.0315639070977793,0.00039256486894456293
179.42720463893437,2.031575977897815,0.0003894011826006796
179.16791677095907,2.0315879627302174,0.0003862747126148338
178.909377208519,2.031599862463552,0.00038318487916335915
178.65158271686408,2.0316116779550355,0.00038013111364616233
178.39453007986137,2.031623410050713,0.000377112858428321
178.13821609986158,2.031635059585627,0.0003741295665885378
177.88263759756623,2.0316466273839886,0.00037118070167425053
177.62779141189637,2.031658114259341,0.00036826573746319896
177.37367439986215,2.0316695210147238,0.00036538415773125477
177.1202834364338,2.0316808484428326,0.0003625354560263316
176.86761541441322,2.0316920973261783,0.00035971913544819307
176.61566724430722,2.03170326843724,0.00035693470843398774
176.36443585420147,2.031714362538618,0.0003541816965493431
176.1139181896359,2.031725380383185,0.00035145963028485137
175.86411121348038,2.0317363227142318,0.0003487680488577976
175.61501190581257,2.031747190265613,0.00034610650001897164
175.36661726379583,2.031757983761888,0.0003434745398644204
175.11892430155885,2.0317687039184644,0.00034087173265199443
174.87193005007572,2.0317793514417315,0.0003382976506225563
174.62563155704737,2.0317899270291986,0.0003357518738257097
174.38002588678432,2.0318004313696263,0.0003332339899499296
174.13511012008945,2.031810865143159,0.0003307435941569563
173.89088135414258,2.031821229021452,0.0003282802889203449
173.64733670238607,2.0318315236677984,0.0003258436838680423
173.40447329441068,2.031841749737255,0.0003234333956288843
173.1622882758431,2.0318519078767614,0.0003210490476828997
172.92077880823385,2.0318619987252635,0.0003186902702153158
172.67994206894662,2.031872022913829,0.0003163566999741614
172.43977525104822,2.031881981065765,0.0003140479801313673
172.20027556319954,2.0318918737967326,0.00031176376014726854
171.96144022954738,2.0319017017148586,0.0003095036956384092
171.72326648961726,2.031911465420845,0.0003072674482485665
171.485751598207,2.0319211655080798,0.0003050546855228989
171.2488928252813,2.0319308025627407,0.0003028650807851366
171.01268745586714,2.0319403771639037,0.00030069831301772726
170.77713278994997,2.0319498898836437,0.0002985540667448624
170.5422261423709,2.031959341287137,0.00029643203191830004
170.3079648427248,2.0319687319327597,0.00029433190380591205
170.0743462352588,2.031978062372189,0.0002922533828828805
169.84136767877214,2.0319873331504965,0.0002901961747254726
169.60902654651665,2.031996544806244,0.0002881599899073253
169.37732022609788,2.0320056978715786,0.00028614454389817206
169.14624611937745,2.0320147928723213,0.00028414955696494544
168.91580164237558,2.0320238303280598,0.0002821747540751952
168.68598422517505,2.0320328107522356,0.0002802198648027579
168.4567913118256,2.032041734652233,0.0002782846232356211
168.22822036024922,2.032050602529463,0.00027636876788591976
168.0002688421459,2.0320594148794497,0.0002744720416020157
167.77293424290076,2.0320681721919107,0.00027259419148259917
167.5462140614914,2.032076874950841,0.0002707349687927638
167.3201058103963,2.032085523634593,0.00026889412888200147
167.09460701550356,2.0320941187159542,0.00026707143110406886
166.8697152160211,2.032102660662226,0.00026526663873867556
166.64542796438664,2.0321111499352993,0.00026347951891494894
166.4217428261794,2.0321195869917306,0.00026170984253662814
166.19865738003173,2.032127972282815,0.0002599573842089433
165.9761692175417,2.0321363062546594,0.00025822192216713843
165.75427594318668,2.0321445893482535,0.00025650323820659377
165.53297517423718,2.0321528219995404,0.0002548011176145097
165.31226454067155,2.032161004639487,0.000253115349103109
165.09214168509143,2.032169137694148,0.00025144572474432395
164.87260426263785,2.03217722158474,0.00024979203990592534
164.6536499409079,2.0321852567276983,0.0002481540931890637
164.43527639987227,2.03219324353475,0.00024653168636717997
164.21748133179295,2.032201182412972,0.0002449246243262577
164.00026244114238,2.0322090737648573,0.00024333271500638122
163.78361744452266,2.0322169179883742,0.00024175576934456577
163.5675440705853,2.032224715477028,0.00024019360121883067
163.35204005995212,2.0322324666199214,0.00023864602739348325
163.13710316513638,2.0322401718018117,0.00023711286746558454
162.92273115046473,2.0322478314031693,0.0002355939438125679
162.70892179199956,2.032255445800235,0.0002340890815409811
162.4956728774622,2.0322630153650763,0.00023259810843632636
162.28298220615662,2.03227054046564,0.00023112085491397026
162.07084758889368,2.032278021465808,0.0002296571539710984
161.859266847916,2.0322854587254526,0.00022820684113968894
161.64823781682355,2.032292852600485,0.00022676975444048067
161.43775834049958,2.0323002034429094,0.00022534573433791215
161.22782627503727,2.032307511600873,0.0002239346236960088
161.01843948766708,2.0323147774187156,0.0002225362677351935
160.80959585668438,2.03232200123702,0.00022115051399000172
160.60129327137784,2.032329183392659,0.00021977721226767625
160.3935296319582,2.0323363242188437,0.0002184162146076243
160.18630284948793,2.0323434240451697,0.00021706737524171348
159.97961084581115,2.032350483197663,0.000215730550555389
159.7734515534841,2.032357501998827,0.00021440559904959127
159.56782291570613,2.0323644807676864,0.00021309238130345673
159.36272288625148,2.032371419819828,0.0002117907599377828
159.15814942940133,2.0323783194674494,0.00021050059957923795
158.95410051987653,2.0323851800193973,0.00020922176682530274
158.75057414277038,2.03239200178121,0.00020795413020992105
158.54756829348295,2.032398785055161,0.000206697560169849
158.34508097765473,2.032405530140296,0.00020545192901168146
158.14311021110163,2.0324122373324744,0.00020421711087954432
157.94165401974988,2.03241890692441,0.00020299298172343503
157.7407104395721,2.0324255392057067,0.0002017794192681972
157.54027751652308,2.032432134462898,0.0002005763029831144
157.34035330647671,2.0324386929794853,0.00019938351405211037
157.14093587516305,2.0324452150359713,0.00019820093534454064
156.94202329810588,2.0324517009099012,0.0001970284513865626
156.7436136605609,2.032458150875893,0.00019586594833307077
156.54570505745411,2.032464565205676,0.00019471331394018538
156.34829559332113,2.032470944168125,0.000193570437538281
156.15138338224642,2.032477288029292,0.00019243721000554334
155.95496654780334,2.0324835970524417,0.00019131352374204282
155.75904322299453,2.0324898714980835,0.00019019927264431332
155.5636115501928,2.0324961116240026,0.00018909435208042398
155.36866968108228,2.0325023176852954,0.000187998658865535
155.17421577660036,2.032508489934396,0.00018691209123792514
154.98024800687958,2.0325146286211107,0.00018583454883548098
154.78676455119057,2.032520733992645,0.00018476593267263849
154.59376359788487,2.0325268062936366,0.0001837061451177662
154.4012433443383,2.032532845766182,0.00018265508987098028
154.20920199689513,2.0325388526498673,0.00018161267194238422
154.01763777081197,2.032544827181794,0.00018057879763071813
153.82654889020304,2.032550769596609,0.00017955337450241887
153.63593358798468,2.032556680126531,0.0001785363113710705
153.44579010582135,2.0325625590013776,0.0001775275182772454
153.25611669407127,2.0325684064485907,0.00017652690646872325
153.0669116117329,2.0325742226932646,0.0001755343883810821
152.8781731263917,2.0325800079581695,0.00017454987761865228
152.68989951416705,2.0325857624637766,0.0001735732889358239
152.50208905966014,2.0325914864282852,0.00017260453821870545
152.31474005590127,2.032597180067644,0.00017164354246711997
152.12785080429896,2.032602843595575,0.00017069021977693665
151.9414196145878,2.0326084772236,0.00016974448932272654
151.75544480477805,2.03261408116106,0.00016880627134074002
151.56992470110475,2.032619655615139,0.0001678754871121947
151.38485763797757,2.0326252007908874,0.00016695205894687136
151.2002419579313,2.032630716891241,0.0001660359101670089
151.0160760115757,2.032636204117045,0.0001651269650914916
150.83235815754705,2.032641662667074,0.0001642251490203267
150.6490867624589,2.03264709273805,0.00016333038821939993
150.46626020085398,2.0326524945246676,0.00016244260990551054
150.28387685515597,2.032657868219609,0.00016156174223167264
150.10193511562187,2.0326632140135663,0.0001606877142726835
149.92043338029464,2.032668532095258,0.00015982045601094992
149.73937005495608,2.032673822651451,0.0001589598983225684
149.55874355308043,2.032679085866974,0.00015810597296365446
149.3785522957875,2.03268432192474,0.00015725861255691358
149.1987947117974,2.0326895310057616,0.00015641775057845375
149.0194692373842,2.0326947132891666,0.00015558332134482915
148.84057431633093,2.032699868952218,0.00015475526000031348
148.6621083998845,2.032704998170327,0.0001539335025043989
148.48406994671095,2.0327101011170714,0.00015311798561951298
148.30645742285128,2.032715177964209,0.00015230864689895327
148.129269301677,2.032720228881695,0.00015150542467502992
147.95250406384687,2.032725254037694,0.0001507082580474198
147.776160197263,2.032730253598598,0.00014991708687171827
147.60023619702815,2.0327352277290363,0.00014913185174819467
147.42473056540268,2.0327401765918927,0.00014835249401073868
147.24964181176207,2.0327451003483166,0.00014757895571600036
147.07496845255477,2.032749999157737,0.00014681117963271636
146.90070901126026,2.0327548731778733,0.0001460491092312197
146.72686201834756,2.03275972256475,0.00014529268867313067
146.55342601123363,2.032764547472706,0.0001445418628012213
146.38039953424283,2.0327693480544076,0.00014379657712945758
146.20778113856562,2.0327741244608584,0.00014305677783320585
146.03556938221865,2.03277887684141,0.0001423224117396109
145.8637628300043,2.0327836053437722,0.0001415934263181327
145.69236005347082,2.0327883101140234,0.00014086976967124602
145.52135963087284,2.032792991296618,0.0001401513905252957
145.35076014713206,2.0327976490343973,0.0001394382382215063
145.18056019379821,2.032802283468598,0.00013873026270714287
145.01075836901012,2.0328068947388576,0.00013802741452681824
144.84135327745756,2.0328114829832247,0.00013732964481394803
144.67234353034266,2.0328160483381654,0.0001366369052823461
144.50372774534227,2.032820590938569,0.0001359491482179606
144.33550454657004,2.0328251109177553,0.0001352663264707469
144.16767256453912,2.03282960840748,0.0001345883934466752
144.00023043612507,2.0328340835379404,0.00013391530309987018
143.8331768045286,2.0328385364377795,0.00013324700992487924
143.66651031923948,2.0328429672340893,0.0001325834689490696
143.5002296359996,2.032847376052418,0.00013192463572514766
143.33433341676724,2.0328517630167693,0.00013127046632380342
143.1688203296809,2.0328561282496076,0.00013062091732647248
143.00368904902385,2.032860471871859,0.00012997594581821723
142.83893825518857,2.032864794002913,0.00012933550938072364
142.6745666346417,2.0328690947606245,0.000128699566085411
142.51057287988928,2.032873374261312,0.0001280680744866536
142.34695568944161,2.032877632619761,0.00012744099361511067
142.18371376777944,2.0328818699492177,0.00012681828297116598
142.0208458253192,2.032886086361393,0.00012619990251846948
141.8583505783795,2.032890281966457,0.00012558581267758581
141.69622674914703,2.032894456873037,0.00012497597431974147
141.53447306564345,2.032898611188213,0.0001243703487606736
141.37308826169175,2.032902745017515,0.00012376889775457571
141.2120710768834,2.0329068584649157,0.00012317158348813963
141.0514202565457,2.032910951632826,0.00012257836857469255
140.89113455170872,2.0329150246220884,0.00012198921604842495
140.7312127190734,2.032919077531966,0.00012140408935871195
140.5716535209792,2.0329231104601386,0.00012082295236452177
140.4124557253722,2.032927123502689,0.00012024576932891325
140.25361810577337,2.0329311167540935,0.00011967250491361927
140.09513944124706,2.0329350903072125,0.00011910312417371443
139.93701851636985,2.0329390442532738,0.00011853759255236645
139.77925412119916,2.032942978681861,0.00011797587587566817
139.62184505124287,2.032946893680898,0.00011741794034755192
139.46479010742817,2.032950789336632,0.00011686375254477928
139.30808809607151,2.0329546657336164,0.00011631327941201194
139.15173782884813,2.0329585229546914,0.00011576648825695566
138.99573812276196,2.0329623610809637,0.00011522334674558044
138.8400878001161,2.032966180191783,0.00011468382289741368
138.68478568848283,2.0329699803647205,0.00011414788508090531
138.5298306206745,2.0329737616755423,0.00011361550200886417
138.3752214347139,2.0329775241981816,0.00011308664273396293
138.22095697380567,2.0329812680047112,0.00011256127664431315
138.06703608630696,2.032984993165312,0.00011203937345910535
137.91345762569927,2.0329886997482385,0.00011152090322431746
137.76022045055961,2.0329923878197853,0.00011100583630848607
137.60732342453238,2.032996057444249,0.00011049414339854258
137.45476541630117,2.0329997086838887,0.00010998579549571192
137.3025452995611,2.0330033415988797,0.00010948076391147275
137.15066195299076,2.033006956247275,0.00010897902026357775
136.99911426022504,2.0330105526849502,0.00010848053647213458
136.84790110982743,2.0330141309655554,0.00010798528475574381
136.69702139526314,2.0330176911404596,0.00010749323762769544
136.54647401487188,2.0330212332586934,0.00010700436789222186
136.39625787184121,2.033024757366886,0.00010651864864080558
136.24637187417983,2.0330282635091983,0.00010603605324854254
136.09681493469117,2.033031751727255,0.00010555655537055842
135.947585970947,2.033035222060068,0.00010508012893847821
135.79868390526138,2.033038674543959,0.00010460674815694733
135.65010766466486,2.03304210921247,0.00010413638750020392
135.50185618087832,2.0330455260962808,0.00010366902170870119
135.35392839028785,2.0330489252231048,0.00010320462578577962
135.20632323391894,2.0330523066175923,0.0001027431749943868
135.0590396574114,2.033055670301219,0.00010228464485384568
134.9120766109942,2.0330590162921705,0.00010182901113666957
134.7654330494605,2.033062344605216,0.00010137624986542302
134.61910793214295,2.0330656552515793,0.00010092633730962834
134.47310022288897,2.033068948238794,0.00010047924998271695
134.32740889003648,2.033072223570553,0.0001000349646390238
134.18203290638925,2.0330754812465495,0.00009959345827082588
134.03697124919316,2.033078721262299,0.00009915470810542275
133.89222290011196,2.0330819436089587,0.00009871869160225882
133.74778684520354,2.033085148273127,0.00009828538645008692
133.6036620748962,2.0330883352366307,0.00009785477056417191
133.45984758396517,2.033091504476298,0.00009742682208353456
133.3163423715093,2.033094655963712,0.00009700151936823438
133.17314544092767,2.03309778966495,0.00009657884099669023
133.03025579989662,2.033100905540299,0.00009615876576303993
132.88767246034692,2.0331040035439507,0.00009574127267453645
132.74539443844077,2.033107083623676,0.00009532634094898064
132.60342075454938,2.03311014572047,0.00009491395001219054
132.46175043323043,2.03311318976817,0.0000945040794955057
132.32038250320562,2.033116215693043,0.00009409670923332635
132.17931599733865,2.033119223413343,0.00009369181926068778
132.03854995261307,2.033122212838825,0.00009328938981086708
131.89808341011027,2.0331251838702227,0.00009288940131302465
131.75791541498796,2.0331281363986817,0.00009249183438987722
131.61804501645824,2.033131070305142,0.00009209666985540404
131.47847126776634,2.033133985459668,0.00009170388871258407
131.33919322616916,2.033136881720713,0.00009131347215116491
131.20020995291395,2.0331397589343294,0.00009092540154546195
131.06152051321737,2.033142616933289,0.00009053965845218807
130.92312397624463,2.0331454555361366,0.00009015622460831362
130.78501941508824,2.033148274546139,0.00008977508192895399
130.6472059067478,2.033151073750144,0.00008939621250528829
130.5096825321091,2.033153852917315,0.00008901959860250449
130.37244837592394,2.0331566117977466,0.00008864522265777366
130.23550252678956,2.033159350120928,0.00008827306727825132
130.09884407712875,2.033162067594054,0.00008790311523910588
129.96247212316945,2.0331647639001442,0.00008753534948157358
129.82638576492528,2.0331674386959646,0.00008716975311104029
129.69058410617538,2.0331700916097097,0.00008680630939514833
129.5550662544448,2.0331727222384193,0.00008644500176192943
129.41983132098503,2.0331753301450943,0.00008608581379796229
129.2848784207546,2.033177914855463,0.00008572872924655506
129.15020667239966,2.033180475854353,0.00008537373200595222
129.01581519823483,2.033183012581598,0.00008502080612756492
128.88170312422417,2.033185524427425,0.00008466993581422553
128.74786957996224,2.0331880107272218,0.00008432110541846479
128.61431369865522,2.033190470755594,0.0000839742994408122
128.48103461710224,2.0331929037195913,0.00008362950252811874
128.34803147567666,2.0331953087509564,0.0000832866994719017
128.21530341830783,2.033197684897228,0.00008294587520671186
128.08284959246245,2.0332000311114817,0.00008260701480852127
127.9506691491266,2.0332023462404627,0.00008227010349313302
127.81876124278728,2.0332046290107852,0.00008193512661461122
127.68712503141467,2.0332068780128214,0.0000816020696637324
127.55575967644408,2.033209091681792,0.00008127091826645608
127.42466434275813,2.033211268275462,0.00008094165818241602
127.29383819866905,2.033213405847677,0.00008061427530343094
127.16328041590118,2.0332155022167866,0.00008028875565203454
127.03299016957342,2.033217554927712,0.0000799650853800244
126.90296663818185,2.033219561206072,0.00007964325076703018
126.77320900358248,2.0332215179022857,0.00007932323821909977
126.6437164509741,2.0332234214229006,0.00007900503426730384
126.51448816888127,2.0332252676455025,0.00007868862556635875
126.38552334913726,2.033227051812243,0.0000783739988932664
126.25682118686726,2.033228768395233,0.00007806114114597219
126.1283808804717,2.0332304109243773,0.00007775003934203971
126.0002016316094,2.0332319717643728,0.00007744068061734286
125.87228264518137,2.03323344182174,0.00007713305222477397
125.74462312931408,2.0332348101538416,0.00007682714153296906
125.61722229534313,2.033236063437759,0.00007652293602504866
125.49007935779723,2.0332371852342153,0.00007622042329737542
125.36319353438185,2.0332381549438114,0.00007591959105832628
125.23656404596329,2.0332389462874083,0.00007562042712708136
125.11019011655263,2.0332395250245496,0.00007532291943242736
124.98407097328999,2.0332398454009954,0.00007502705601157621
124.85820584642866,2.0332398443705135,0.0000747328250089988
124.7325939693196,2.0332394316799913,0.00007444021467527304
124.60723457839563,2.033238471674884,0.00007414921336594626
124.48212691315626,2.0332367468754735,0.0000738598095404125
124.35727021615212,2.0332338759452524,0.00007357199176080296
124.23266373296958,2.033229094730684,0.00007328574869089064
124.10830671221586,2.0332204891653887,0.00007300106909500886
123.98419840550366,2.0332003882697745,0.00007271794183698275
