2.417989242625068e14,-76.7637824303774,15.86381161579699
2.4421691350513188e14,-75.29158833435682,15.409390119018608
2.4663490274775694e14,-73.86026084642,14.972052169284
2.4905289199038203e14,-72.468321548168,14.551007374588615
2.514708812330071e14,-71.11435734533694,14.145508556200706
2.5388887047563216e14,-69.79701708568011,13.75484903378928
2.5630685971825722e14,-68.5150083761294,13.378360102575845
2.587248489608823e14,-67.26709458616655,13.015408687456052
2.6114283820350738e14,-66.05209202527118,12.665395160328998
2.6356082744613244e14,-64.86886728317756,12.32775130804424
2.659788166887575e14,-63.716334722470776,12.001938439440034
2.683968059313826e14,-62.593454113789875,11.687445620912733
2.7081479517400766e14,-61.49922840458758,11.383788030835595
2.732327844166327e14,-60.43270161302556,11.09050542394444
2.7565077365925778e14,-59.39295683916682,10.807160697535116
2.780687629018828e14,-58.37911438616658,10.533338551980856
2.8048675214450788e14,-57.39032998465993,10.268644238681572
2.8290474138713294e14,-56.425793114009345,10.012702389109323
2.85322730629758e14,-55.484725414500254,9.765155919116994
2.877407198723831e14,-54.56637918497156,9.525665003137982
2.901587091150082e14,-53.67003596073477,9.29390611332491
2.9257669835763325e14,-52.79500516697704,9.06957111906059
2.949946876002583e14,-51.940622843159815,8.852366442626723
2.974126768428834e14,-51.10625043421875,8.64201226713872
2.9983066608550844e14,-50.29127364464392,8.438241793151096
3.022486553281335e14,-49.49510135177256,8.240800540609282
3.0466664457075856e14,-48.71716457486299,8.049445693073055
3.070846338133836e14,-47.956915496737416,7.863945481365695
3.0950262305600875e14,-47.21382653498537,7.684078604013292
3.119206122986338e14,-46.487389459910084,7.509633682032292
3.143386015412589e14,-45.77711455657605,7.340408745801164
3.1675659078388394e14,-45.08252982848195,7.176210751916273
3.19174580026509e14,-44.40318024053595,7.016855128082828
3.2159256926913406e14,-43.73862699915382,6.862165344231114
3.240105585117591e14,-43.0884468674342,6.711972508176548
3.264285477543842e14,-42.4522315134895,6.566114984260635
3.2884653699700925e14,-41.829586890127835,6.424438033519175
3.312645262396344e14,-41.22013264418956,6.286793474025306
3.336825154822594e14,-40.62350155394406,6.153039360148252
3.361005047248845e14,-40.039338993046606,6.023039679555042
3.385184939675095e14,-39.46730241964493,5.896664066862547
3.409364832101346e14,-38.90706088930667,5.773787532920963
3.433544724527597e14,-38.35829459051825,5.654290208778678
3.4577246169538475e14,-37.82069440157661,5.538057103441699
3.481904509380098e14,-37.293961467765,5.424977874600041
3.506084401806349e14,-36.777806797766544,5.314946611547843
3.5302642942325994e14,-36.27195087832963,5.2078616295748255
3.55444418665885e14,-35.776123306255215,5.103625275153785
3.5786240790851006e14,-35.290062436828414,5.0021437412925644
3.602803971511351e14,-34.81351504786631,4.903326892459548
3.6269838639376025e14,-34.346236018599974,4.807088098529597
3.651163756363853e14,-33.88798802265221,4.713344077232485
3.675343648790104e14,-33.43854123441337,4.622014744618636
3.6995235412163544e14,-32.99767304815582,4.533023073087442
3.723703433642605e14,-32.565167809263656,4.446294956551808
3.7478833260688556e14,-32.14081655698829,4.361759082339104
3.772063218495106e14,-31.724416778172085,4.279346809453272
3.796243110921357e14,-31.315772171412434,4.198992052845947
3.8204230033476075e14,-30.914692421166766,4.120631173365834
3.844602895773858e14,-30.520992981325573,4.044202873075734
3.8687827882001094e14,-30.134494867805234,3.9696480956451667
3.8929626806263594e14,-29.755024459736745,3.8969099315442834
3.9171425730526106e14,-29.382413308847354,3.8259335277807773
3.9413224654788606e14,-29.0164979566547,3.7566660019371527
3.965502357905112e14,-28.657119759110955,3.6890563602796553
3.9896822503313625e14,-28.304124718354803,3.6230554197238667
4.013862142757613e14,-27.957363321245126,3.5586157334542197
4.038042035183864e14,-27.61669038436808,3.4956915200066394
4.062221927610115e14,-27.28196490522399,3.434238595634341
4.086401820036365e14,-26.953049919315767,3.374214309787229
4.110581712462616e14,-26.62981236287426,3.315577483544911
4.134761604888866e14,-26.312122940969406,3.25828835085249
4.158941497315117e14,-25.999856000768,3.20230850241667
4.183121389741368e14,-25.692889409711466,3.147600832127826
4.207301282167619e14,-25.3911044383973,3.094129485881062
4.2314811745938694e14,-25.094385647959033,3.0418598126763667
4.25566106702012e14,-24.802620781749333,2.9907583178845814
4.2798409594463706e14,-24.515700661140155,2.9407926185720847
4.304020851872621e14,-24.233519085263126,2.891931400782965
4.328200744298872e14,-23.955972734521442,2.8441443786828904
4.3523806367251225e14,-23.68296107771293,2.7974022554741316
4.376560529151373e14,-23.41438628261129,2.7516766859959687
4.4007404215776244e14,-23.15015312985984,2.706940240929345
4.424920314003875e14,-22.890168930038964,2.6631663725289334
4.449100206430125e14,-22.634343443774778,2.6203293818098126
4.473280098856376e14,-22.382588804762886,2.5784043871197997
4.497459991282626e14,-22.134819445586906,2.5373672940321126
4.5216398837088775e14,-21.890952026216638,2.49719476649636
4.545819776135128e14,-21.650905365076667,2.4578641991891708
4.569999668561379e14,-21.414600372580466,2.419353691008685
4.5941795609876294e14,-21.181959987030403,2.381642019660106
4.6183594534138806e14,-20.952909112788085,2.3447086172820777
4.6425393458401306e14,-20.727374560624206,2.3085335470663217
4.666719238266382e14,-20.505284990160664,2.273097480825272
4.690899130692632e14,-20.28657085432207,2.238381677464795
4.715079023118883e14,-20.07116434571693,2.2043679623211556
4.739258915545134e14,-19.85899934487291,2.171038707323507
4.7634388079713844e14,-19.650011370253175,2.1383768119449984
4.787618700397635e14,-19.444137529984737,2.106365684907518
4.8117985928238856e14,-19.241316475232125,2.0749892266067103
4.835978485250136e14,-19.04148835515299,2.0442318122256045
4.860158377676386e14,-18.84459477337473,2.014078275506689
4.8843382701026375e14,-18.650578745934027,1.9845138931537336
4.908518162528889e14,-18.459384660623524,1.9555243698360585
4.932698054955139e14,-18.27095823769228,1.927095823769228
4.9568779473813894e14,-18.08524649184895,1.8992147728474078
4.9810578398076406e14,-17.90219769551873,1.8718681213037969
5.005237732233892e14,-17.721761343307172,1.8450431468766484
5.029417624660142e14,-17.54388811762594,1.8187274884594666
5.053597517086392e14,-17.368529855437405,1.792909134214943
5.077777409512643e14,-17.195639516076856,1.7675764101331803
5.1019573019388944e14,-17.025171150112726,1.7427179690156376
5.1261371943651444e14,-16.857079869206807,1.7183227798670697
5.150317086791395e14,-16.691321816938068,1.6943801176785758
5.174496979217646e14,-16.527854140555213,1.6708795535856371
5.1986768716438975e14,-16.366634963624396,1.6478109453857566
5.2228567640701475e14,-16.207623359539905,1.6251644284009907
5.2470366564963975e14,-16.050779325866916,1.6029304066713599
5.271216548922648e14,-15.896063759486829,1.5810995444657403
5.2953964413488994e14,-15.743438432516498,1.5596627580974274
5.31957633377515e14,-15.592865968974206,1.5386112080321532
5.3437562262014006e14,-15.444309822165952,1.517936291276857
5.3679361186276506e14,-15.297734252766997,1.4976296340380482
5.392116011053902e14,-15.15310430757425,1.4776830846390792
5.416295903480153e14,-15.010385798906388,1.4580887066861172
5.440475795906403e14,-14.86954528462911,1.4388387724730392
5.464655688332654e14,-14.730550048784128,1.4199257566159127
5.4888355807589044e14,-14.59336808280117,1.4013423299081227
5.5130154731851556e14,-14.457968067273073,1.3830813533875903
5.537195365611406e14,-14.324319354274802,1.365135872607886
5.561375258037656e14,-14.192391950207968,1.3474991121054025
5.5855551504639075e14,-14.062156499153172,1.3301644700550852
5.609735042890159e14,-13.933584266713073,1.3131255131075286
5.633914935316409e14,-13.80664712432977,1.296375971400546
5.658094827742659e14,-13.681317534060657,1.2799097337386218
5.68227472016891e14,-13.557568533797639,1.2637208429339226
5.706454612595161e14,-13.435373722914958,1.247803491302818
5.730634505021411e14,-13.31470724833154,1.2321520163120818
5.754814397447662e14,-13.195543790974298,1.2167608963692256
5.778994289873912e14,-13.07785855262929,1.2016247467516215
5.803174182300164e14,-12.961627243168106,1.1867383156692888
5.827354074726415e14,-12.846826068137323,1.172096480456437
5.851533967152665e14,-12.73343171669931,1.1576942438870492
5.875713859578915e14,-12.621421349913128,1.143526730609991
5.899893752005166e14,-12.51077258934457,1.1295891836993002
5.924073644431418e14,-12.401463505994919,1.115876961315495
5.948253536857668e14,-12.293472609538215,1.1023855334739006
5.972433429283918e14,-12.186778837857323,1.0891104789161514
5.996613321710169e14,-12.081361546869385,1.0760474820811914
6.02079321413642e14,-11.977200500631556,1.0631923301722237
6.04497310656267e14,-11.874275861718196,1.050540910316205
6.06915299898892e14,-11.772568181861189,1.0380892068126226
6.093332891415171e14,-11.672058392845072,1.0258332984684106
6.117512783841422e14,-11.57272779764924,1.013769356015986
6.141692676267672e14,-11.474558061829454,1.0018936396114995
6.165872568693924e14,-11.37753120513145,0.9902024964105158
6.190052461120175e14,-11.281629593329466,0.9786923582184417
6.214232353546426e14,-11.18683593028287,0.9673597392131149
6.238412245972676e14,-11.093133250204238,0.9562012337370793
6.262592138398926e14,-11.000504910132516,0.9452135141571558
6.286772030825178e14,-10.908934582605074,0.9343933287890134
6.310951923251429e14,-10.818406248522695,0.9237374998845324
6.335131815677679e14,-10.728904190201701,0.9132429216798269
6.359311708103929e14,-10.64041298460764,0.9029065585018853
6.38349160053018e14,-10.55291749676518,0.8927254429318549
6.407671492956431e14,-10.466402873338996,0.8826966740230774
6.431851385382681e14,-10.380854536380516,0.8728174155720395
6.456031277808931e14,-10.29625817723578,0.8630848944404866
6.480211170235182e14,-10.212599750609636,0.853496398927002
6.504391062661434e14,-10.12986546878169,0.8440492771864181
6.528570955087684e14,-10.048041795969674,0.8347409356954862
6.552750847513935e14,-9.967115442835873,0.8255688377632907
6.576930739940185e14,-9.887073361132558,0.8165305020849418
6.601110632366436e14,-9.807902738482378,0.8076235013371448
6.625290524792688e14,-9.729590993289897,0.7988454608142843
6.649470417218938e14,-9.65212576978047,0.7901940571037148
6.673650309645188e14,-9.575494933162874,0.781667016798995
6.697830202071439e14,-9.499686564912173,0.7732621152498494
6.72201009449769e14,-9.424688958169453,0.7649771753476864
6.74618998692394e14,-9.350490613255067,0.7568100663455318
6.77036987935019e14,-9.277080233292258,0.7487587027112932
6.794549771776441e14,-9.204446719938078,0.7408210430132981
6.818729664202692e14,-9.132579169218573,0.7329950888370881
6.842909556628942e14,-9.06146686746539,0.7252788837324873
6.867089449055194e14,-8.991099287350924,0.7176705121899959
6.891269341481444e14,-8.921466084019384,0.710168098645598
6.915449233907695e14,-8.852557091311064,0.7027698065130968
6.939629126333946e14,-8.784362318077298,0.695473837243125
6.963809018760196e14,-8.716871944583602,0.688278429408005
6.987988911186448e14,-8.650076318998643,0.6811818578116688
7.012168803612699e14,-8.583965953966672,0.6741824326238622
7.036348696038949e14,-8.518531523261174,0.6672784985378967
7.060528588465199e14,-8.45376385851754,0.6604684339512255
7.084708480891449e14,-8.389653946042648,0.6537506501681571
7.1088883733177e14,-8.326192923699308,0.6471235906240336
7.133068265743951e14,-8.26337207786356,0.6405857301302257
7.157248158170201e14,-8.201182840452855,0.6341355741393182
7.181428050596451e14,-8.139616786023295,0.6277716580298829
7.205607943022702e14,-8.078665628934088,0.621492546410253
7.229787835448954e14,-8.018321220577448,0.6152968324407355
7.253967727875205e14,-7.958575546672188,0.6091831371737089
7.278147620301455e14,-7.8994207246194,0.6031501089110821
7.302327512727706e14,-7.840849000918576,0.5971964225786057
7.326507405153958e14,-7.782852748642561,0.5913207791165287
7.350687297580208e14,-7.725424464969899,0.5855219048861379
7.374867190006458e14,-7.6685567687729925,0.5797985510917019
7.399047082432709e14,-7.61224239826071,0.5741494932173807
7.423226974858959e14,-7.556474208674027,0.5685735304786649
7.44740686728521e14,-7.5012451700333,0.5630694852879198
7.47158675971146e14,-7.446548364935939,0.5576362027336348
7.495766652137711e14,-7.3923769864031055,0.5522725500729785
7.519946544563961e14,-7.338724335774282,0.5469774162372841
7.544126436990212e14,-7.2855838206484105,0.5417497113500883
7.568306329416462e14,-7.232948952870537,0.5365883662573768
7.592486221842714e14,-7.180813346562685,0.5314923320696776
7.616666114268965e14,-7.129170716198006,0.5264605797156804
7.640846006695215e14,-7.078014874716969,0.5214920995070448
7.665025899121466e14,-7.027339731684684,0.5165859007140932
7.689205791547718e14,-6.977139291488215,0.511741011152074
7.713385683973968e14,-6.927407651573013,0.5069564767777098
7.737565576400219e14,-6.878139000717397,0.5022313612957339
7.761745468826469e14,-6.829327617344223,0.49756474577514687
7.78592536125272e14,-6.780967867868791,0.49295572827491707
7.81010525367897e14,-6.733054205082125,0.48840342347887095
7.834285146105221e14,-6.6855811665687455,0.4839069623395135
7.858465038531471e14,-6.638543373158121,0.4794654917305405
7.882644930957722e14,-6.591935527408949,0.4750781741077991
7.906824823383972e14,-6.5457524121255215,0.47074418717847294
7.931004715810224e14,-6.499988888905349,0.46646272357825946
7.955184608236474e14,-6.454639896717346,0.4622329905563339
7.979364500662725e14,-6.409700450509786,0.4580542096678776
8.003544393088975e14,-6.365165639847401,0.4539256164739787
8.027724285515226e14,-6.321030627576823,0.4498464602486963
8.051904177941478e14,-6.2772906485197995,0.44581600369310476
8.076084070367728e14,-6.233941008193466,0.44183352265612785
8.100263962793979e14,-6.190977081557043,0.4378983058619812
8.124443855220229e14,-6.148394311784368,0.43400965464405095
8.14862374764648e14,-6.1061882090616,0.4301668826850345
8.17280364007273e14,-6.064354349409595,0.42636931576318265
8.196983532498981e14,-6.022888373530265,0.42261629150447605
8.221163424925231e14,-5.9817859856764795,0.41890715914058874
8.245343317351482e14,-5.94104295254486,0.41524127927247834
8.269523209777732e14,-5.900655102191036,0.4116180236394653
8.293703102203984e14,-5.860618322966741,0.4080367748936487
8.317882994630234e14,-5.820928562478359,0.4044969263795306
8.342062887056485e14,-5.781581826566319,0.400997881918704
8.366242779482736e14,-5.74257417830496,0.39753905559948316
8.390422671908986e14,-5.703901737022322,0.3941198715713411
8.414602564335238e14,-5.665560677339465,0.3907397638440375
8.438782456761489e14,-5.627547228228834,0.38739817609131294
8.462962349187739e14,-5.589857672091286,0.3840945614590349
8.48714224161399e14,-5.55248834385129,0.3808283823776818
8.51132213404024e14,-5.515435630069974,0.37759911037905536
8.535502026466491e14,-5.478695968075545,0.3744062259171136
8.559681918892741e14,-5.442265845110749,0.3712492181928228
8.583861811318992e14,-5.406141797496954,0.3681275849829234
8.608041703745242e14,-5.370320409814509,0.36504083247251684
8.632221596171492e14,-5.334798314099009,0.36198847509137194
8.656401488597744e14,-5.299572189053117,0.3589700353538648
8.680581381023994e14,-5.264638759273599,0.3559850437024552
8.704761273450245e14,-5.229994794493239,0.35303303835461675
8.728941165876496e14,-5.195637108837304,0.3501135651531329
8.753121058302746e14,-5.161562560094252,0.34722617741967615
8.777300950728998e14,-5.127768049000357,0.3443704358115903
8.801480843155249e14,-5.094250518537958,0.34154590818179764
8.825660735581499e14,-5.061006953247039,0.3387521694417523
8.84984062800775e14,-5.028034378549842,0.33598880142736814
8.874020520434e14,-4.995329860088246,0.33325539276784794
8.898200412860251e14,-4.962890503073612,0.3305515387573415
8.922380305286501e14,-4.93071345164887,0.32787684122936844
8.946560197712752e14,-4.898795888262532,0.3252309084339342
8.970740090139002e14,-4.867135033054425,0.3226133549172784
8.994919982565254e14,-4.835728143252861,0.32002380140418907
9.019099874991504e14,-4.804572512583023,0.3174618746828248
9.043279767417755e14,-4.773665470686315,0.31492720749198083
9.067459659844005e14,-4.743004382550456,0.31241943841074477
9.091639552270256e14,-4.7125866479500695,0.3099382117504824
9.115819444696506e14,-4.682409700897597,0.30748317744910075
9.139999337122758e14,-4.6524710091042465,0.3050539909675308
9.164179229549009e14,-4.622768073450843,0.30265031318838315
9.18835912197526e14,-4.593298427468316,0.30027181031672007
9.21253901440151e14,-4.564059636827645,0.29791815378289754
9.23671890682776e14,-4.5350492988390885,0.2955890201474278
9.260898799254011e14,-4.506265041960459,0.29328409100781555
9.285078691680261e14,-4.477704525314298,0.29100305290732215
9.309258584106512e14,-4.449365438213749,0.2887455972456116
9.333438476532762e14,-4.421245499696947,0.28651142019123754
9.357618368959014e14,-4.393342458069759,0.28430022259592524
9.381798261385264e14,-4.365654090456714,0.28211170991061074
9.405978153811515e14,-4.338178202359923,0.27994559210319386
9.430158046237765e14,-4.310912627225863,0.27780158357796825
9.454337938664016e14,-4.283855226019842,0.2756794030966874
9.478517831090268e14,-4.25700388680801,0.2735787737012332
9.502697723516518e14,-4.230356524346728,0.27149942263784543
9.526877615942769e14,-4.2039110796792025,0.2694410812828825
9.55105750836902e14,-4.177665519739179,0.267403485070074
9.57523740079527e14,-4.151617836961599,0.2653863734192338
9.599417293221521e14,-4.1257660489000605,0.2633894896664011
9.623597185647771e14,-4.100108197850953,0.26141258099537545
9.647777078074022e14,-4.074642350484121,0.25945539837061665
9.671956970500272e14,-4.049366597479954,0.25751769647147765
9.696136862926522e14,-4.0242790531727515,0.25559923362774095
9.720316755352772e14,-3.999377855200242,0.25369977175643027
9.744496647779025e14,-3.9746611641591496,0.25181907629986755
9.768676540205275e14,-3.950127163266683,0.24995691616495133
9.792856432631528e14,-3.9257740580278053,0.24811306366362268
9.817036325057778e14,-3.9016000759082354,0.24628729445450245
9.841216217484028e14,-3.877603466012979,0.2444793874856628
9.865396109910278e14,-3.853782498770375,0.2426891249385187
9.889576002336529e14,-3.830135465621481,0.24091629217280736
9.913755894762779e14,-3.8066606787147297,0.23916067767263535
9.937935787189029e14,-3.783356470605744,0.2374220729935698
9.962115679615281e14,-3.760221193962206,0.23570027271074998
9.986295572041531e14,-3.737253221273706,0.23399507436799902
1.0010475464467784e15,-3.714450944566436,0.2323062784279113
1.0034655356894034e15,-3.6918127751226866,0.2306336882228983
1.0058835249320284e15,-3.669337143204995,0.22897710990716802
1.0083015141746534e15,-3.647022497784919,0.2273363524096219
1.0107195034172784e15,-3.6248673062762995,0.22571122738764718
1.0131374926599034e15,-3.6028700542729526,0.2241015491817858
1.0155554819025286e15,-3.5810292452907015,0.22250713477126266
1.0179734711451536e15,-3.5593434005136633,0.22092780373035326
1.0203914603877789e15,-3.5378110585447082,0.21936337818557347
1.0228094496304039e15,-3.516430775160031,0.21781368277367516
1.0252274388730289e15,-3.495201123067729,0.2162785446004284
1.027645428115654e15,-3.474120691670336,0.21475779320017613
1.030063417358279e15,-3.45318808683123,0.21325126049614346
1.032481406600904e15,-3.432401930644839,0.2117587807614865
1.0348993958435292e15,-3.4117608612105785,0.21028019058106495
1.0373173850861542e15,-3.391263532410452,0.2088153288139236
1.0397353743287795e15,-3.3709086136902453,0.2073640365564674
1.0421533635714045e15,-3.350694789844253,0.20592615710631726
1.0445713528140295e15,-3.3306207608034546,0.20450153592682974
1.0469893420566545e15,-3.3106852414271115,0.20309002061227038
1.0494073312992795e15,-3.2908869612976828,0.20169146085362377
1.0518253205419045e15,-3.271224664519033,0.20030570840503048
1.0542433097845296e15,-3.2516971095178393,0.1989326170508347
1.0566612990271548e15,-3.2323030688481795,0.19757204257323308
1.0590792882697799e15,-3.213041328999206,0.19622384272051094
1.061497277512405e15,-3.193910690205861,0.19488787717585315
1.06391526675503e15,-3.174909966262603,0.19356400752672065
1.0663332559976551e15,-3.156037984340049,0.19225209723477776
1.0687512452402801e15,-3.1372935848045067,0.19095201160636185
1.0711692344829051e15,-3.1186756210403512,0.18966361776348345
1.0735872237255301e15,-3.100182959275161,0.18838678461534522
1.0760052129681554e15,-3.081814478407604,0.18712138283037102
1.0784232022107804e15,-3.063569069838003,0.18586728480873374
1.0808411914534056e15,-3.0454456373015244,0.18462436465537155
1.0832591806960306e15,-3.02744309670398,0.18339249815348477
1.0856771699386556e15,-3.00956037596014,0.18217156273850074
1.0880951591812806e15,-2.99179641483458,0.18096143747250093
1.0905131484239056e15,-2.9741501647849473,0.1797620030190974
1.0929311376665308e15,-2.9566205888076684,0.1785731416187532
1.0953491269091559e15,-2.939206661286002,0.17739473706453518
1.0977671161517809e15,-2.9219073678404373,0.17622667467829276
1.1001851053944061e15,-2.904721705181361,0.17506884128725222
1.1026030946370311e15,-2.887648680963997,0.1739211252010209
1.1050210838796562e15,-2.87068731364552,0.17278341618899037
1.1074390731222812e15,-2.8538366323443656,0.17165560545813327
1.1098570623649062e15,-2.837095676701667,0.17053758563118518
1.1122750516075312e15,-2.8204634967447766,0.16942925072520315
1.1146930408501562e15,-2.8039391527528594,0.1683304961304953
1.1171110300927815e15,-2.7875217151245,0.16724121858991298
1.1195290193354065e15,-2.7712102642473067,0.16616131617849905
1.1219470085780318e15,-2.755003890369461,0.16509068828348492
1.1243649978206568e15,-2.7389016934732062,0.16402923558463098
1.1267829870632818e15,-2.7229027831501966,0.16297686003490128
1.1292009763059068e15,-2.7070062784787323,0.16193346484146928
1.1316189655485318e15,-2.691211307902802,0.16089895444704522
1.1340369547911568e15,-2.6755170091129234,0.15987323451152163
1.136454944033782e15,-2.65992252892875,0.1588562118939287
1.138872933276407e15,-2.644427023183415,0.15784779463469564
1.1412909225190322e15,-2.6290296566095646,0.15684789193820994
1.1437089117616572e15,-2.613729602727089,0.15585641415567145
1.1461269010042822e15,-2.598526043732487,0.1548732727682336
1.1485448902469072e15,-2.5834181703898524,0.15389838037042736
1.1509628794895325e15,-2.5684051819234637,0.15293165065386274
1.1533808687321575e15,-2.5534862859119274,0.15197299839120193
1.1557988579747825e15,-2.5386606981838713,0.15102233942039953
1.1582168472174078e15,-2.5239276427151545,0.1500795906292049
1.1606348364600328e15,-2.5092863515275523,0.14914466993992093
1.163052825702658e15,-2.4947360645889343,0.1482174962944163
1.165470814945283e15,-2.480276029714854,0.14729798963938384
1.167888804187908e15,-2.4659055024715757,0.1463860709118429
1.170306793430533e15,-2.4516237460804895,0.1454816620248801
1.172724782673158e15,-2.4374300313238995,0.1445846858536238
1.175142771915783e15,-2.4233236364521593,0.14369506622144865
1.1775607611584082e15,-2.409303847092133,0.14281272788640553
1.1799787504010332e15,-2.395369956156971,0.14193759652787338
1.1823967396436585e15,-2.3815212637571546,0.14106959873342725
1.1848147288862835e15,-2.367757077112822,0.14020866198592152
1.1872327181289085e15,-2.3540767104673193,0.13935471465078067
1.1896507073715335e15,-2.3404794850019894,0.1385076859634971
1.1920686966141585e15,-2.3269647287521553,0.1376675060173306
1.1944866858567835e15,-2.3135317765242904,0.13683410575120553
1.1969046750994088e15,-2.3001799698143537,0.13600741693780366
1.1993226643420338e15,-2.2869086567272707,0.1351873721718474
1.201740653584659e15,-2.273717191897541,0.13437390485857104
1.204158642827284e15,-2.260604936410957,0.13356694920237655
1.206576632069909e15,-2.2475712577274147,0.13276644019566985
1.208994621312534e15,-2.2346155296047985,0.13197231360787579
1.211412610555159e15,-2.2217371320239243,0.13118450597462686
1.2138305997977842e15,-2.208935451114522,0.13040295458712398
1.2162485890404092e15,-2.19620987908225,0.1296275974816658
1.2186665782830342e15,-2.1835598141367027,0.12885837342934273
1.2210845675256592e15,-2.1709846604204275,0.12809522192589448
1.2235025567682845e15,-2.1584838279389027,0.12733808318172649
1.2259205460109095e15,-2.1460567324914948,0.12658689811208382
1.2283385352535345e15,-2.133702795603345,0.12584160832737842
1.2307565244961598e15,-2.121421444458198,0.12510215612366846
1.2331745137387848e15,-2.109212111832141,0.12436848447328563
1.23559250298141e15,-2.097074236028256,0.12364053701560945
1.238010492224035e15,-2.0850072608121506,0.12291825804798408
1.24042848146666e15,-2.073010635348363,0.122201592516777
1.242846470709285e15,-2.061083814137642,0.1214904860085757
1.2452644599519102e15,-2.0492262569550586,0.12078488474152074
1.2476824491945352e15,-2.0374374287889667,0.12008473555677308
1.2501004384371602e15,-2.0257167997807737,0.11938998591011175
1.2525184276797852e15,-2.014063845165531,0.11870058386366185
1.2549364169224105e15,-2.0024780452133153,0.1180164780777488
1.2573544061650355e15,-1.9909588851714015,0.11733761780287806
1.2597723954076605e15,-1.979505855207198,0.11666395287183655
1.2621903846502855e15,-1.968118450351953,0.11599543369191541
1.2646083738929108e15,-1.9567961704452084,0.11533201123725093
1.2670263631355358e15,-1.9455385200799906,0.11467363704128203
1.2694443523781608e15,-1.9343450085487253,0.11402026318932187
1.2718623416207858e15,-1.923215149789875,0.11337184231124231
1.274280330863411e15,-1.9121484623352778,0.1127283275742688
1.276698320106036e15,-1.9011444692581838,0.11208967267588436
1.279116309348661e15,-1.8902026981219673,0.11145583183683956
1.281534298591286e15,-1.8793226809295276,0.1108267597942686
1.2839522878339112e15,-1.8685039540733386,0.11020241179490793
1.2863702770765362e15,-1.857746058286165,0.10958274358841685
1.2887882663191612e15,-1.8470485385924107,0.1089677114207977
1.2912062555617862e15,-1.836410944260113,0.10835727202791441
1.2936242448044115e15,-1.8258328287535535,0.10775138262910744
1.2960422340470365e15,-1.8153137496864917,0.10715000092090377
1.2984602232896615e15,-1.8048532687759993,0.10655308507082009
1.3008782125322868e15,-1.794450951796894,0.10596059371125768
1.3032962017749118e15,-1.7841063685367664,0.10537248593348798
1.3057141910175368e15,-1.773819092751579,0.1047887212817263
1.308132180260162e15,-1.763588702121849,0.10420925974729338
1.310550169502787e15,-1.7534147782093799,0.10363406176286227
1.312968158745412e15,-1.7432969064145603,0.1030630881967901
1.3153861479880372e15,-1.7332346759341988,0.10249630034753245
1.3178041372306622e15,-1.7232276797199146,0.10193365993813992
1.3202221264732872e15,-1.7132755144370377,0.10137512911083436
1.3226401157159122e15,-1.7033777804240477,0.10082067042166466
1.3250581049585375e15,-1.693534081652523,0.10027024683523991
1.3274760942011625e15,-1.6837440256876044,0.09972382171953939
1.3298940834437875e15,-1.6740072236489465,0.09918135884079725
1.3323120726864125e15,-1.664323290172173,0.09864282235846158
1.3347300619290378e15,-1.6546918433708213,0.09810817682022599
1.3371480511716628e15,-1.6451125047987563,0.09757738715713311
1.3395660404142878e15,-1.635584899413065,0.09705041867874822
1.3419840296569128e15,-1.6261086555374127,0.0965272370684022
1.344402018899538e15,-1.6166834048258618,0.09600780837850283
1.346820008142163e15,-1.607308782227141,0.09549209902591324
1.349237997384788e15,-1.597984425949361,0.09498007578739599
1.351655986627413e15,-1.5887099774251707,0.09447170579512251
1.3540739758700382e15,-1.5794850812773449,0.09396695653224613
1.3564919651126632e15,-1.5703093852848071,0.09346579582853841
1.3589099543552882e15,-1.561182540349059,0.09296819185608683
1.3613279435979132e15,-1.5521042004610424,0.09247411312505376
1.3637459328405382e15,-1.5430740226683972,0.0919835284794952
1.3661639220831635e15,-1.5340916670431302,0.09149640709323868
1.3685819113257885e15,-1.5251567966496844,0.09101271846581901
1.3709999005684135e15,-1.5162690775133898,0.09053243241847116
1.3734178898110388e15,-1.5074281785893127,0.09005551909017953
1.3758358790536638e15,-1.4986337717314817,0.08958194893378246
1.3782538682962888e15,-1.489885531662491,0.08911169271213126
1.380671857538914e15,-1.4811831359434726,0.08864472149430268
1.383089846781539e15,-1.4725262649444377,0.08818100665186457
1.3855078360241642e15,-1.4639146018149742,0.08772051985519279
1.3879258252667892e15,-1.4553478324553089,0.08726323306984025
1.3903438145094142e15,-1.4468256454877095,0.08680911855295523
1.3927618037520392e15,-1.4383477322282383,0.0863581488497501
1.3951797929946645e15,-1.4299137866588492,0.08591029679001824
1.3975977822372895e15,-1.421523505399818,0.08546553548469946
1.4000157714799145e15,-1.4131765876825035,0.08502383832249236
1.4024337607225395e15,-1.4048727353224382,0.08458517896651334
1.4048517499651648e15,-1.396611652692744,0.08414953135100169
1.4072697392077898e15,-1.3883930466978605,0.08371686967806932
1.4096877284504148e15,-1.3802166267475933,0.08328716841449554
1.4121057176930398e15,-1.3720821047314669,0.08286040228856495
1.414523706935665e15,-1.363989194993386,0.08243654628694885
1.41694169617829e15,-1.3559376143066024,0.08201557565162916
1.419359685420915e15,-1.3479270818489697,0.08159746587686367
1.42177767466354e15,-1.3399573191784988,0.0811821927061928
1.424195663906165e15,-1.3320280502091975,0.08076973212948664
1.4266136531487902e15,-1.3241390011872047,0.08036006038003216
1.4290316423914152e15,-1.3162899006671944,0.0799531539316595
1.4314496316340402e15,-1.3084804794890657,0.07954898949590697
1.4338676208766652e15,-1.3007104707549026,0.0791475440192243
1.4362856101192905e15,-1.2929796098062072,0.07874879468021316
1.4387035993619155e15,-1.2852876342014001,0.07835271888690513
1.4411215886045405e15,-1.2776342836935783,0.0779592942740755
1.4435395778471655e15,-1.2700193002085394,0.07756849870059332
1.4459575670897908e15,-1.2624424278230588,0.07718031024680669
1.4483755563324158e15,-1.2549034127434222,0.07679470721196294
1.450793545575041e15,-1.2474020032842037,0.07641166811166293
1.453211534817666e15,-1.2399379498472918,0.07603117167534898
1.455629524060291e15,-1.2325110049011605,0.0756531968438267
1.4580475133029162e15,-1.22512092296038,0.07527772276681881
1.4604655025455412e15,-1.2177674605653568,0.07490472880055178
1.4628834917881662e15,-1.2104503762623176,0.074534194505374
1.4653014810307915e15,-1.2031694305835163,0.0741660996434055
1.4677194702734165e15,-1.1959243860276745,0.07380042417621839
1.4701374595160415e15,-1.1887150070406372,0.07343714826254767
1.4725554487586665e15,-1.181541059996258,0.07307625225603229
1.4749734380012918e15,-1.1744023131775005,0.07271771670298524
1.4773914272439168e15,-1.1672985367577575,0.07236152234019355
1.4798094164865418e15,-1.1602295027823755,0.07200765009274586
1.4822274057291668e15,-1.1531949851503978,0.07165608107188924
1.4846453949717918e15,-1.1461947595965114,0.0713067965729134
1.487063384214417e15,-1.1392286036731978,0.07095977807306217
1.489481373457042e15,-1.1322962967330907,0.07061500722947248
1.491899362699667e15,-1.1253976199115225,0.07027246587713948
1.494317351942292e15,-1.1185323561092826,0.06993213602690834
1.4967353411849172e15,-1.1117002899755555,0.06959399986349164
1.4991533304275422e15,-1.1049012078910612,0.06925803974351233
1.5015713196701672e15,-1.0981348979513812,0.06892423819357195
1.5039893089127922e15,-1.0914011499504679,0.06859257790834332
1.5064072981554175e15,-1.084699755364344,0.068263041748688
1.5088252873980425e15,-1.078030507334986,0.0679356127397976
1.5112432766406675e15,-1.0713932006543763,0.06761027406935884
1.5136612658832925e15,-1.0647876317487461,0.06728700908574188
1.5160792551259178e15,-1.0582135986629844,0.06696580129621192
1.5184972443685428e15,-1.0516709010452274,0.06664663436516344
1.5209152336111678e15,-1.0451593401316113,0.06632949211237657
1.523333222853793e15,-1.038678718731199,0.06601435851129596
1.525751212096418e15,-1.0322288412110718,0.06570121768733099
1.528169201339043e15,-1.0258095134815868,0.06539005391617779
1.5305871905816682e15,-1.0194205429817957,0.06508085162216214
1.5330051798242932e15,-1.0130617386650211,0.0647735953766032
1.5354231690669185e15,-1.0067329109845984,0.06446826989619811
1.5378411583095435e15,-1.0004338718797676,0.06416486004142649
1.5402591475521685e15,-0.9941644347617231,0.06386335081497511
1.5426771367947935e15,-0.9879244144998127,0.06356372736018208
1.5450951260374185e15,-0.9817136274078924,0.06326597495950079
1.5475131152800438e15,-0.9755318912308235,0.06297007903298249
1.5499311045226688e15,-0.9693790251311241,0.06267602513677836
1.5523490937652938e15,-0.9632548496757576,0.06238379896165959
1.5547670830079188e15,-0.9571591868230709,0.062093386331556207
1.557185072250544e15,-0.9510918599098701,0.06180477320211388
1.559603061493169e15,-0.9450526936386405,0.061517945659268616
1.562021050735794e15,-0.9390415140648976,0.06123288991783886
1.564439039978419e15,-0.9330581485846821,0.06094959232013526
1.5668570292210442e15,-0.9271024259221825,0.06066803933458722
1.5692750184636692e15,-0.9211741761174996,0.060388217554386746
1.5716930077062942e15,-0.9152732305145306,0.060110113696148326
1.5741109969489192e15,-0.9093994217489931,0.05983371459858596
1.5765289861915445e15,-0.9035525837365732,0.05955900722120565
1.5789469754341695e15,-0.8977325516612003,0.05928597864301452
1.5813649646767945e15,-0.8919391619634462,0.05901461606124511
1.5837829539194195e15,-0.8861722523290505,0.05874490679009561
1.5862009431620448e15,-0.8804316616775638,0.058476838259485214
1.5886189324046698e15,-0.874717230151119,0.05821039801382469
1.5910369216472948e15,-0.8690287991033092,0.05794557371080168
1.5934549108899198e15,-0.8633662110881977,0.05768235312018092
1.595872900132545e15,-0.8577293098494327,0.057420724122618824
1.59829088937517e15,-0.8521179403094856,0.05716067470849245
1.600708878617795e15,-0.8465319485589937,0.05690219297674239
1.6031268678604202e15,-0.8409711818462242,0.056645267133729985
1.6055448571030452e15,-0.8354354885666422,0.05638988549210767
1.6079628463456705e15,-0.8299247182525908,0.05613603646970353
1.6103808355882955e15,-0.824438721563082,0.055883708588418714
1.6127988248309205e15,-0.8189773502736866,0.05563289047313824
1.6152168140735455e15,-0.8135404572665388,0.055383570850654776
1.6176348033161708e15,-0.8081278965204386,0.0551357385486053
1.6200527925587958e15,-0.802739523101061,0.054889382494420366
1.6224707818014208e15,-0.797375193151264,0.05464449171428582
1.6248887710440458e15,-0.7920347638814997,0.05440105533211696
1.627306760286671e15,-0.7867180935603237,0.05415906256854473
1.629724749529296e15,-0.7814250415050041,0.05391850273991407
1.632142738771921e15,-0.776155468072224,0.05367936525729389
1.634560728014546e15,-0.7709092346488846,0.05344163962549888
1.6369787172571712e15,-0.7656862036429986,0.053205315442122834
1.6393967064997962e15,-0.7604862384746836,0.05297038239658339
1.6418146957424212e15,-0.7553092035672389,0.05273683026917772
1.6442326849850462e15,-0.7501549643383241,0.05250464893014972
1.6466506742276715e15,-0.745023387191218,0.05227382833876775
1.6490686634702965e15,-0.7399143395061769,0.052044358542413495
1.6514866527129215e15,-0.7348276896318733,0.05181622967568113
1.6539046419555465e15,-0.729763306876924,0.05158943195948722
1.6563226311981718e15,-0.7247210615015087,0.05136395570019091
1.6587406204407968e15,-0.719700824709069,0.0511397912887245
1.6611586096834218e15,-0.7147024686380921,0.05091692919973372
1.6635765989260468e15,-0.7097258663539798,0.05069535999072848
1.6659945881686718e15,-0.7047708918410005,0.05047507430124297
1.668412577411297e15,-0.6998374199943187,0.050256062852005935
1.670830566653922e15,-0.6949253266121105,0.0500383164441202
1.6732485558965472e15,-0.690034488387752,0.049821825958251645
1.6756665451391722e15,-0.6851647829020937,0.049606582353827866
1.6780845343817972e15,-0.6803160886158044,0.04939257666824554
1.6805025236244225e15,-0.6754882848618022,0.04917980001608742
1.6829205128670475e15,-0.6706812518377494,0.04896824358834783
1.6853385021096725e15,-0.6658948705986338,0.048757898651667325
1.6877564913522978e15,-0.661129023049416,0.04854875654757605
1.6901744805949228e15,-0.6563835919377554,0.048340808691745646
1.6925924698375478e15,-0.6516584608468041,0.04813404657324971
1.6950104590801728e15,-0.6469535141880778,0.047928461753832786
1.697428448322798e15,-0.642268637194392,0.04772404586718745
1.699846437565423e15,-0.6376037159128742,0.047520790618239876
1.702264426808048e15,-0.6329586371980398,0.047318687782443206
1.704682416050673e15,-0.6283332887049395,0.047117729205079104
1.7071004052932982e15,-0.6237275588823747,0.0469179068005672
1.7095183945359232e15,-0.61914133696618,0.04671921255178228
1.7119363837785482e15,-0.6145745129725682,0.04652163850937907
1.7143543730211732e15,-0.6100269776915459,0.04632517679112488
1.7167723622637985e15,-0.6054986226803911,0.04612981958123939
1.7191903515064235e15,-0.6009893402571973,0.045935559129742363
1.7216083407490485e15,-0.5964990234944738,0.04574238775180795
1.7240263299916735e15,-0.5920275662128196,0.045550297827126954
1.7264443192342988e15,-0.5875748629746496,0.0453592817992757
1.7288623084769238e15,-0.5831408090779873,0.045169332175092225
1.7312802977195488e15,-0.5787253005503166,0.04498044152405929
1.7336982869621738e15,-0.5743282341424918,0.04479260247769433
1.7361162762047988e15,-0.5699495073227097,0.04460580772894606
1.738534265447424e15,-0.5655890182705399,0.04442005003159805
1.740952254690049e15,-0.5612466658710091,0.04423532219967859
1.743370243932674e15,-0.5569223497087481,0.044051617106877196
1.7457882331752992e15,-0.5526159700621907,0.0438689276859677
1.7482062224179242e15,-0.5483274278978323,0.04368724692823758
1.7506242116605492e15,-0.5440566248645424,0.04350656788292357
1.7530422009031745e15,-0.5398034632879298,0.04332688365665347
1.7554601901457995e15,-0.5355678461647659,0.04314818741289424
1.7578781793884248e15,-0.531349677157458,0.04297047237140597
1.7602961686310498e15,-0.5271488605885788,0.042793731807701935
1.7627141578736748e15,-0.5229653014354456,0.042617959052514524
1.7651321471162998e15,-0.5187989053247515,0.04244314749126703
1.767550136358925e15,-0.5146495785272502,0.04226929056355116
1.76996812560155e15,-0.5105172279524903,0.04209638176261039
1.772386114844175e15,-0.5064017611435978,0.041924414634828634
1.7748041040868e15,-0.5023030862721103,0.04175338277922486
1.7772220933294252e15,-0.4982211121328608,0.04158327984695286
1.7796400825720502e15,-0.49415574813890895,0.041414099540806715
1.7820580718146752e15,-0.4901069043165194,0.04124583561473134
1.7844760610573002e15,-0.48607449130018976,0.041078481873338575
1.7868940502999255e15,-0.48205842032772295,0.040912032171428345
1.7893120395425505e15,-0.47805860323535,0.04074648041351505
1.7917300287851755e15,-0.47407495245289355,0.040581820553359
1.7941480180278005e15,-0.47010738099898197,0.04041804659350302
1.7965660072704255e15,-0.46615580247630484,0.04025515258481375
1.7989839965130508e15,-0.4622201310669136,0.040093132626028274
1.8014019857556758e15,-0.45830028152756985,0.039931980863305266
1.8038199749983008e15,-0.45439616918513037,0.03977169148978104
1.8062379642409258e15,-0.45050770993198097,0.0396122587451304
1.808655953483551e15,-0.44663482022151135,0.03945367691513212
1.811073942726176e15,-0.4427774170636323,0.039295940331239114
1.813491931968801e15,-0.438935418020332,0.03913904337015302
1.815909921211426e15,-0.43510874120127774,0.038982980453403544
1.8183279104540512e15,-0.43129730525945553,0.038827746046932024
1.8207458996966762e15,-0.4275010293868533,0.03867333466067969
1.8231638889393012e15,-0.4237198333101788,0.03851974084817991
1.8255818781819265e15,-0.41995363728662216,0.03836695920615509
1.8279998674245515e15,-0.41620236209965533,0.03821498437411768
1.8304178566671768e15,-0.4124659290548707,0.038063811033975374
1.8328358459098018e15,-0.4087442599758573,0.03791343390964048
1.8352538351524268e15,-0.40503727720011673,0.037763847766643446
1.837671824395052e15,-0.4013449035750143,0.03761504741175038
1.840089813637677e15,-0.39766706245376926,0.03746702769258461
1.842507802880302e15,-0.39400367769148037,0.037319783497252235
1.844925792122927e15,-0.39035467364118936,0.03717330975397151
1.8473437813655522e15,-0.3867199751499779,0.037027601430706214
1.8497617706081772e15,-0.38309950755510425,0.036882653534802766
1.8521797598508022e15,-0.37949319668016956,0.03673846111263115
1.8545977490934272e15,-0.37590096883132484,0.0365950192492295
1.8570157383360522e15,-0.3723227507935074,0.03645232306795255
1.8594337275786775e15,-0.36875846982671634,0.036310367730123555
1.8618517168213025e15,-0.36520805366231723,0.036169148434689956
1.8642697060639275e15,-0.36167143049938244,0.03602866041788249
1.8666876953065525e15,-0.3581485290010653,0.03588889895287789
1.8691056845491778e15,-0.3546392782910057,0.03574985934946509
1.8715236737918028e15,-0.35114360794976873,0.03561153695371483
1.8739416630344278e15,-0.34766144801131427,0.035473927147652656
1.8763596522770528e15,-0.3441927289595006,0.035337025348935326
1.878777641519678e15,-0.3407373817246173,0.03520082701053048
1.881195630762303e15,-0.33729533767995035,0.035065327620399725
1.883613620004928e15,-0.33386652863837796,0.034930522701184734
1.886031609247553e15,-0.3304508868489957,0.03479640780989682
1.8884495984901782e15,-0.327048344993774,0.03466297853760946
1.8908675877328032e15,-0.32365883618424385,0.034530230509154186
1.8932855769754282e15,-0.32028229395821217,0.03439815938281932
1.8957035662180535e15,-0.31691865227650706,0.03426676085005197
1.8981215554606785e15,-0.3135678455197508,0.03413603063516294
1.9005395447033035e15,-0.3102298084851649,0.034005964495034804
1.9029575339459288e15,-0.306904476383397,0.033876558218832654
1.9053755231885538e15,-0.3035917848353844,0.03374780762771807
1.907793512431179e15,-0.30029166986923705,0.03361970857456582
1.910211501673804e15,-0.2970040679171535,0.033492256943683456
1.912629490916429e15,-0.2937289158123637,0.03336544865053378
1.915047480159054e15,-0.29046615078609483,0.03323927964146001
1.917465469401679e15,-0.2872157104645683,0.03311374589341386
1.9198834586443042e15,-0.28397753286602057,0.032988843413686166
1.9223014478869292e15,-0.2807515563977525,0.032864568239640436
1.9247194371295542e15,-0.27753771985320097,0.03274091643844887
1.9271374263721792e15,-0.27433596240904023,0.032617884106831134
1.9295554156148045e15,-0.27114622362230323,0.03249546737079572
1.9319734048574295e15,-0.2679684434275371,0.032373662385383924
1.9343913941000545e15,-0.26480256213397224,0.032252465334416294
1.9368093833426795e15,-0.261648520422725,0.03213187243024169
1.9392273725853045e15,-0.2585062593440206,0.032011879913488805
1.94164536182793e15,-0.2553757203144398,0.03189248405282013
1.9440633510705545e15,-0.2522568451141949,0.03177368114468853
1.94648134031318e15,-0.24914957588441777,0.031655467513095795
1.948899329555805e15,-0.24605385512448685,0.03153783950935425
1.95131731879843e15,-0.24296962568936453,0.0314207935118501
1.953735308041055e15,-0.23989683078696267,0.03130432592580946
1.95615329728368e15,-0.23683541397553154,0.031188433183066556
1.9585712865263055e15,-0.23378531916106926,0.031073111741834327
1.96098927576893e15,-0.23074649059475694,0.030958358086477237
1.9634072650115555e15,-0.2277188728704076,0.030844168727286105
1.9658252542541802e15,-0.22470241092195065,0.030730540200255587
1.9682432434968055e15,-0.22169705002092255,0.030617469066863412
1.9706612327394305e15,-0.21870273577399257,0.030504951913852083
1.9730792219820555e15,-0.21571941412049989,0.03039298535301249
1.9754972112246808e15,-0.21274703133001704,0.030281566020969826
1.9779152004673058e15,-0.20978553399993216,0.030170690578971412
1.980333189709931e15,-0.20683486905305237,0.030060355712676762
1.9827511789525558e15,-0.20389498373523018,0.02995055813194963
1.9851691681951812e15,-0.20096582561300091,0.029841294570651905
1.9875871574378058e15,-0.19804734257125478,0.0297325617864399
1.9900051466804312e15,-0.19513948281091364,0.029624356560562132
1.9924231359230562e15,-0.1922421948466404,0.02951667569765955
1.9948411251656812e15,-0.1893554275045577,0.029409516025567243
1.9972591144083062e15,-0.18647912991999216,0.029302874395118448
1.9996771036509312e15,-0.183613251535234,0.02919674767995015
2.0020950928935568e15,-0.1807577420973192,0.029091132776310754
2.0045130821361812e15,-0.17791255165582798,0.02898602660286959
2.0069310713788068e15,-0.17507763056069914,0.028881426100528018
2.0093490606214318e15,-0.17225292946007031,0.02877732823223277
2.0117670498640568e15,-0.16943839929812876,0.028673729982790653
2.0141850391066818e15,-0.16663399131298395,0.028570628358685315
2.0166030283493068e15,-0.16383965703455727,0.02846802038789564
2.0190210175919322e15,-0.16105534828248902,0.028365903119715895
2.0214390068345568e15,-0.15828101716406606,0.028264273624577688
2.0238569960771822e15,-0.1555166160721575,0.028163128993873368
2.0262749853198068e15,-0.1527620976831816,0.02806246633978151
2.0286929745624322e15,-0.15001741495507592,0.02796228279509362
2.0311109638050572e15,-0.14728252112529527,0.027862575513042886
2.0335289530476822e15,-0.14455736970881716,0.027763341667134206
2.0359469422903072e15,-0.14184191449617067,0.02766457845097611
2.0383649315329322e15,-0.13913610955147893,0.027566283078114085
2.0407829207755578e15,-0.13643990921051663,0.027468452781865563
2.0432009100181825e15,-0.13375326807878785,0.027371084815156533
2.0456188992608078e15,-0.13107614102961063,0.0272741764503594
2.0480368885034325e15,-0.12840848320223297,0.027177724979132883
2.0504548777460578e15,-0.1257502499999441,0.027081727712262804
2.052872866988683e15,-0.12310139708822243,0.026986181979504986
2.055290856231308e15,-0.12046188039287986,0.026891085129429115
2.057708845473933e15,-0.11783165609823554,0.026796434529264397
2.060126834716558e15,-0.11521068064529572,0.026702227564746522
2.0625448239591835e15,-0.11259891072995298,0.026608461639966045
2.064962813201808e15,-0.10999630330120036,0.02651513417721837
2.0673808024444335e15,-0.10740281555935383,0.02642224261685476
2.0697987916870585e15,-0.10481840495430039,0.026329784417135193
2.0722167809296835e15,-0.10224302918374839,0.026237757054082225
2.0746347701723085e15,-0.09967664619150218,0.02614615802133641
2.0770527594149335e15,-0.0971192141657431,0.02605498483001299
2.079470748657559e15,-0.09457069153733033,0.025964235008559922
2.0818887379001835e15,-0.09203103697811232,0.025873906102617292
2.084306727142809e15,-0.08950020939924985,0.02578399567487783
2.0867247163854335e15,-0.08697816794956048,0.02569450130494905
2.089142705628059e15,-0.08446487201386566,0.025605420589216266
2.091560694870684e15,-0.08196028121136156,0.025516751140707252
2.093978684113309e15,-0.07946435539399554,0.02542849058895786
2.096396673355934e15,-0.07697705464485849,0.025340636579879023
2.098814662598559e15,-0.07449833927659144,0.025253186775624957
2.1012326518411845e15,-0.07202816982980242,0.02516613885446256
2.103650641083809e15,-0.06956650707149858,0.025079490510642035
2.1060686303264345e15,-0.06711331199352588,0.024993239454268568
2.1084866195690592e15,-0.06466854581103165,0.024907383411175512
2.1109046088116845e15,-0.062232169960923844,0.024821920122798224
2.1133225980543095e15,-0.05980414610036022,0.024736847346049595
2.1157405872969345e15,-0.057384436105234915,0.02465216285319633
2.1181585765395598e15,-0.05497300206868472,0.024567864431736492
2.1205765657821848e15,-0.05256980629960695,0.0244839498842782
2.12299455502481e15,-0.05017481132118484,0.024400417028419323
2.1254125442674348e15,-0.04778797986943184,0.02431726369662845
2.12783053351006e15,-0.04540927489173674,0.02423448773612662
2.1302485227526852e15,-0.043038659545433955,0.024152087008770542
2.1326665119953102e15,-0.04067609719637222,0.0240700593909365
2.1350845012379352e15,-0.03832155141750371,0.023988402773405516
2.1375024904805602e15,-0.03597498598747895,0.023907115061249515
2.1399204797231858e15,-0.03363636488925592,0.023826194173718437
2.1423384689658102e15,-0.03130565230871918,0.02374563804412852
2.1447564582084358e15,-0.02898281263330693,0.02366544461975136
2.1471744474510602e15,-0.026667810450657248,0.023585611861704284
2.1495924366936858e15,-0.024360610547251804,0.023506137744841317
2.1520104259363108e15,-0.02206117790708495,0.02342702025764554
2.1544284151789358e15,-0.019769477710331884,0.02334825740212207
2.1568464044215608e15,-0.017485475332031708,0.023269847193692208
2.1592643936641858e15,-0.015209136340782026,0.02319178766108841
2.1616823829068112e15,-0.012940426497440649,0.023114076846250324
2.1641003721494358e15,-0.01067931175384107,0.023036712804221624
2.1665183613920612e15,-0.00842575825151215,0.02295969360304782
2.1689363506346858e15,-0.00617973232041602,0.022883017323675016
2.1713543398773112e15,-0.003941200477687312,0.022806682059849464
2.1737723291199362e15,-0.001710129426389928,0.02273068591801819
2.1761903183625612e15,0.0005135139457239646,0.022655027017230257
2.1786083076051862e15,0.0027297625674393977,0.022579703489039104
2.1810262968478112e15,0.004938649185297961,0.02250471347740568
2.1834442860904362e15,0.007140206364804946,0.022430055138602415
2.1858622753330618e15,0.00933446649163161,0.022355726641118043
2.1882802645756868e15,0.011521461772801556,0.022281726165563363
2.1906982538183118e15,0.013701224237876009,0.022208051904577624
2.1931162430609368e15,0.015873785740123214,0.022134702062735927
2.1955342323035618e15,0.01803917795768062,0.022061674856457398
2.197952221546187e15,0.020197432394711612,0.02198896851391406
2.200370210788812e15,0.022348580382547945,0.021916581274940682
2.202788200031437e15,0.02449265308082793,0.021844511390945235
2.2052061892740622e15,0.026629681478623324,0.021772757124820265
2.2076241785166875e15,0.0287596963955572,0.021701316750855015
2.2100421677593125e15,0.030882728482916733,0.02163018855464825
2.2124601570019375e15,0.03299880822475354,0.021559370833021885
2.2148781462445625e15,0.0351079659389778,0.021488861893935424
2.2172961354871875e15,0.03721023177844296,0.02141866005640105
2.2197141247298125e15,0.03930563573202339,0.02134876365039948
2.2221321139724375e15,0.04139420762568302,0.02127917101679659
2.2245501032150625e15,0.04347597712353524,0.02120988050726074
2.226968092457688e15,0.045550973728896715,0.02114089048418078
2.229386081700313e15,0.047619226785330815,0.02107219932058487
2.231804070942938e15,0.049680765477685296,0.021003805400059826
2.234222060185563e15,0.05173561883312072,0.020935707116671358
2.236640049428188e15,0.05378381572213198,0.020867902874884877
2.239058038670813e15,0.0558253848595609,0.020800391089486996
2.241476027913438e15,0.05786035480560303,0.020733170185507764
2.243894017156063e15,0.05988875396680515,0.020666238598143503
2.2463120063986885e15,0.06191061059705649,0.02059959477268035
2.2487299956413135e15,0.06392595279857027,0.020533237164418457
2.2511479848839385e15,0.06593480852286293,0.02046716423859677
2.2535659741265635e15,0.06793720557171967,0.02040137447031858
2.2559839633691885e15,0.06993317159815671,0.020335866344477604
2.2584019526118135e15,0.07192273410737571,0.02027063835568473
2.2608199418544385e15,0.07390592045771094,0.020205689008195398
2.2632379310970635e15,0.07588275786156795,0.02014101681583762
2.265655920339689e15,0.0778532733863585,0.02007662030194054
2.268073909582314e15,0.07981749395542348,0.02001249799926371
2.270491898824939e15,0.08177544634895573,0.019948648449926838
2.272909888067564e15,0.08372715720490931,0.019885070205340267
2.275327877310189e15,0.08567265301990601,0.019821761826135938
2.277745866552814e15,0.0876119601501345,0.019758721882098994
2.280163855795439e15,0.08954510481224187,0.019695948952099963
2.282581845038064e15,0.09147211308421921,0.019633441624027463
2.284999834280689e15,0.09339301090628038,0.019571198494721564
2.2874178235233145e15,0.09530782408173544,0.0195092181699076
2.2898358127659395e15,0.09721657827785402,0.019447499264130707
2.2922538020085645e15,0.09911929902672856,0.019386040400690648
2.2946717912511895e15,0.10101601172612529,0.019324840211577494
2.2970897804938145e15,0.10290674164033131,0.01926389733740762
2.2995077697364395e15,0.10479151390099628,0.019203210427360326
2.301925758979065e15,0.1066703535079665,0.019142778139115003
2.30434374822169e15,0.10854328533011348,0.019082599138788757
2.306761737464315e15,0.1104103341061563,0.019022672100874643
2.30917972670694e15,0.11227152444547783,0.018962995708180365
2.311597715949565e15,0.11412688082893585,0.018903568651767476
2.3140157051921905e15,0.1159764276096672,0.018844389630891106
2.3164336944348155e15,0.11782018901388591,0.018785457352940217
2.3188516836774405e15,0.11965818914167714,0.018726770533378297
2.3212696729200655e15,0.1214904519677833,0.0186683278956846
2.3236876621626905e15,0.12331700134238566,0.01861012817129587
2.326105651405316e15,0.1251378609918805,0.018552170099548473
2.328523640647941e15,0.1269530545196479,0.018494452427621162
2.330941629890566e15,0.1287626054068176,0.01843697391047813
2.333359619133191e15,0.13056653701302778,0.01837973331081268
2.335777608375816e15,0.13236487257717722,0.018322729398991287
2.338195597618441e15,0.1341576352181746,0.018265960952998178
2.340613586861066e15,0.1359448479356805,0.018209426758380283
2.343031576103691e15,0.13772653361084486,0.018153125608192742
2.3454495653463165e15,0.1395027150070388,0.018097056302944746
2.3478675545889415e15,0.14127341477058097,0.01804121765054598
2.3502855438315665e15,0.14303865543145922,0.017985608466253324
2.3527035330741915e15,0.14479845940404756,0.017930227572618116
2.3551215223168165e15,0.14655284898781595,0.01787507379943383
2.3575395115594415e15,0.14830184636803734,0.01782014598368414
2.3599575008020665e15,0.15004547361648812,0.017765442969491438
2.3623754900446915e15,0.15178375269214406,0.017710963608065775
2.3647934792873165e15,0.15351670544187168,0.01765670675765421
2.367211468529942e15,0.15524435360111422,0.01760267128349057
2.369629457772567e15,0.1569667187945717,0.017548856057745647
2.372047447015192e15,0.15868382253687874,0.01749525995947775
2.374465436257817e15,0.1603956862332756,0.017441881874583683
2.376883425500442e15,0.16210233118027428,0.017388720695750155
2.379301414743067e15,0.1638037785663211,0.017335775322405537
2.381719403985692e15,0.1655000494724539,0.01728304466067202
2.384137393228317e15,0.16719116487295405,0.017230527623318195
2.3865553824709425e15,0.16887714563599576,0.017178223129711935
2.3889733717135675e15,0.17055801252428748,0.017126130105773817
2.3913913609561925e15,0.17223378619571295,0.01707424748393069
2.3938093501988175e15,0.17390448720396423,0.01702257420306983
2.3962273394414425e15,0.17557013599917182,0.016971109208493335
2.3986453286840675e15,0.1772307529285304,0.016919851451872962
2.4010633179266925e15,0.17888635823691945,0.01686879989120528
2.4034813071693175e15,0.18053697206752006,0.01681795349076719
2.405899296411943e15,0.18218261446242834,0.01676731122107182
2.408317285654568e15,0.18382330536326041,0.016716872058824783
2.410735274897193e15,0.1854590646117602,0.01666663498688073
2.413153264139818e15,0.1870899119503966,0.01661659899420031
2.415571253382443e15,0.18871586702295873,0.01656676307580745
2.417989242625068e15,0.190336949375148,0.01651712623274698
2.420407231867693e15,0.19195317845516535,0.016467687472042584
2.422825221110318e15,0.1935645736142929,0.016418445806655114
2.425243210352943e15,0.19517115410747465,0.01636940025544119
2.4276611995955685e15,0.19677293909389026,0.016320549843112188
2.4300791888381935e15,0.19836994763752502,0.016271893600193515
2.4324971780808185e15,0.19996219870773957,0.016223430562984205
2.4349151673234435e15,0.20154971117983012,0.016175159773516846
2.4373331565660685e15,0.2031325038355889,0.01612708027951784
2.4397511458086935e15,0.2047105953638595,0.016079191134367954
2.4421691350513185e15,0.2062840043610873,0.01603149139706319
2.4445871242939435e15,0.20785274933186781,0.01598398013217596
2.447005113536569e15,0.2094168486894905,0.015936656409816594
2.449423102779194e15,0.21097632075647788,0.015889519305595113
2.451841092021819e15,0.21253118376512303,0.015842567900583325
2.454259081264444e15,0.21408145585802152,0.0157958012812772
2.456677070507069e15,0.21562715508860042,0.015749218539559597
2.4590950597496945e15,0.21716829942164406,0.015702818772663187
2.4615130489923195e15,0.21870490673381449,0.015656601083133777
2.4639310382349445e15,0.2202369948141717,0.015610564578793819
2.4663490274775695e15,0.22176458136468613,0.015564708372706276
2.468767016720195e15,0.2232876840007505,0.01551903158313877
2.47118500596282e15,0.22480632025168812,0.015473533333527948
2.473602995205445e15,0.22632050756125566,0.015428212752444168
2.47602098444807e15,0.22783026328814515,0.01538306897355648
2.478438973690695e15,0.22933560470647985,0.015338101135597863
2.48085696293332e15,0.23083654900630923,0.015293308382330692
2.483274952175945e15,0.2323331132940989,0.015248689862512543
2.48569294141857e15,0.23382531459321754,0.015204244729862223
2.4881109306611955e15,0.23531316984442208,0.015159972143026031
2.4905289199038205e15,0.2367966959063359,0.01511587126554441
2.4929469091464455e15,0.2382759095559286,0.015071941265818678
2.4953648983890705e15,0.23975082748898824,0.015028181317078138
2.4977828876316955e15,0.2412214663205937,0.01498459059734742
2.5002008768743205e15,0.24268784258558118,0.014941168289414065
2.5026188661169455e15,0.24414997273900907,0.014897913580796344
2.5050368553595705e15,0.24560787315661947,0.014854825663711355
2.507454844602196e15,0.247061560135297,0.014811903735043335
2.509872833844821e15,0.24851104989352257,0.014769146996312273
2.512290823087446e15,0.24995635857182674,0.014726554653642669
2.514708812330071e15,0.25139750223323853,0.014684125917732629
2.517126801572696e15,0.2528344968637314,0.014641860003823132
2.519544790815321e15,0.25426735837266623,0.014599756131667571
2.521962780057946e15,0.25569610259323194,0.014557813525501503
2.524380769300571e15,0.25712074528288176,0.014516031414012654
2.5267987585431965e15,0.2585413021237686,0.014474409030311117
2.5292167477858215e15,0.25995778872317477,0.014432945611899839
2.5316347370284465e15,0.26137022061394266,0.014391640400645238
2.5340527262710715e15,0.2627786132548985,0.014350492642748158
2.5364707155136965e15,0.2641829820312759,0.014309501588714937
2.5388887047563215e15,0.2655833422551357,0.01426866649332879
2.5413066939989465e15,0.2669797091657835,0.01422798661562133
2.5437246832415715e15,0.26837209793018313,0.01418746121884436
2.5461426724841965e15,0.2697605236433692,0.014147089570441852
2.548560661726822e15,0.2711450013288558,0.014106870942022145
2.550978650969447e15,0.2725255459390419,0.014066804609330375
2.553396640212072e15,0.2739021723556164,0.014026889852221046
2.555814629454697e15,0.2752748953899574,0.013987125954630905
2.558232618697322e15,0.2766437297835319,0.013947512204551937
2.560650607939947e15,0.27800869020828967,0.013908047894004617
2.563068597182572e15,0.27936979126705785,0.013868732319011335
2.565486586425197e15,0.2807270474939305,0.013829564779570046
2.5679045756678225e15,0.28208047335465625,0.01379054457962807
2.5703225649104475e15,0.2834300832470237,0.013751671027056179
2.5727405541530725e15,0.2847758915012446,0.013712943433622756
2.5751585433956975e15,0.28611791238033357,0.013674361114968257
2.5775765326383225e15,0.28745616008048613,0.013635923390579813
2.5799945218809475e15,0.28879064873145377,0.013597629583766018
2.5824125111235725e15,0.29012139239691614,0.013559479021631937
2.5848305003661975e15,0.2914484050748528,0.013521471035054258
2.587248489608823e15,0.2927717006979106,0.013483604958656659
2.589666478851448e15,0.29409129313376736,0.013445880130785381
2.592084468094073e15,0.29540719618549816,0.013408295893484919
2.594502457336698e15,0.29671942359193415,0.013370851592473941
2.596920446579323e15,0.2980279890280215,0.013333546577121378
2.599338435821948e15,0.29933290610517715,0.013296380200422685
2.6017564250645735e15,0.3006341883716429,0.013259351818976287
2.6041744143071985e15,0.3019318493128371,0.013222460792960185
2.6065924035498235e15,0.30322590235170377,0.01318570648610876
2.6090103927924485e15,0.3045163608490591,0.013149088265689708
2.6114283820350735e15,0.30580323810393584,0.01311260550248121
2.613846371277699e15,0.30708654735392793,0.013076257570749183
2.616264360520324e15,0.30836630177552793,0.013040043848224795
2.618682349762949e15,0.3096425144844671,0.013003963716082059
2.621100339005574e15,0.3109151985360503,0.012968016558915656
2.623518328248199e15,0.31218436692549023,0.012932201764718891
2.625936317490824e15,0.31345003258823834,0.01289651872486182
2.6283543067334495e15,0.31471220840031544,0.012860966834069516
2.6307722959760745e15,0.3159709071786372,0.01282554549040055
2.6331902852186995e15,0.31722614168134133,0.012790254095225558
2.6356082744613245e15,0.31847792460810964,0.012755092053206019
2.6380262637039495e15,0.3197262686004896,0.012720058772273155
2.6404442529465745e15,0.3209711862422123,0.012685153663607025
2.6428622421891995e15,0.32221269005951114,0.012650376141615712
2.6452802314318245e15,0.32345079252143494,0.012615725623914742
2.64769822067445e15,0.324685506040163,0.01258120153130655
2.650116209917075e15,0.3259168429713134,0.012546803287760226
2.6525341991597e15,0.32714481561425424,0.01251253032039126
2.654952188402325e15,0.32836943621240966,0.012478382059441568
2.65737017764495e15,0.329590716953565,0.012444357938259576
2.659788166887575e15,0.33080866997016956,0.012410457393280488
2.6622061561302e15,0.3320233073396389,0.01237667986400669
2.664624145372825e15,0.3332346410846525,0.012343024792988287
2.66704213461545e15,0.33444268317345216,0.012309491625803788
2.6694601238580755e15,0.33564744552013803,0.012276079811040928
2.6718781131007005e15,0.3368489399849601,0.012242788800277656
2.6742961023433255e15,0.33804717837461273,0.0122096180480632
2.6767140915859505e15,0.3392421724425222,0.012176567011899318
2.6791320808285755e15,0.34043393388913645,0.012143635152221674
2.6815500700712005e15,0.34162247436221027,0.012110821932381343
2.6839680593138255e15,0.34280780545709033,0.01207812681862645
2.6863860485564505e15,0.3439899387169979,0.01204554928008393
2.688804037799076e15,0.3451688856333095,0.012013088788741445
2.691222027041701e15,0.3463446576458358,0.011980744819429423
2.693640016284326e15,0.34751726614309963,0.011948516849803203
2.696058005526951e15,0.34868672246261134,0.011916404360325315
2.698475994769576e15,0.34985303789114286,0.011884406834247926
2.700893984012201e15,0.3510162236649995,0.011852523757595353
2.703311973254826e15,0.3521762909702908,0.011820754619146752
2.705729962497451e15,0.35333325094319934,0.011789098910418887
2.7081479517400765e15,0.35448711467024796,0.011757556125649053
2.7105659409827015e15,0.3556378931885644,0.011726125761778132
2.7129839302253265e15,0.3567855974861467,0.011694807318433694
2.7154019194679515e15,0.3579302385021239,0.011663600297913329
2.7178199087105765e15,0.3590718271270176,0.01163250420516801
2.7202378979532015e15,0.36021037420299984,0.011601518547785602
2.7226558871958265e15,0.3613458905241519,0.011570642835974514
2.7250738764384515e15,0.3624783868367182,0.011539876582547426
2.7274918656810765e15,0.3636078738393621,0.011509219302905152
2.729909854923702e15,0.3647343621834178,0.011478670515020616
2.732327844166327e15,0.36585786247314067,0.011448229739422947
2.734745833408952e15,0.36697838526595783,0.011417896499181662
2.737163822651577e15,0.36809594107271537,0.011387670319890993
2.739581811894202e15,0.3692105403579252,0.011357550729654303
2.741999801136827e15,0.3703221935400094,0.011327537259068612
2.744417790379452e15,0.371430910991544,0.011297629441209253
2.7468357796220775e15,0.37253670303950037,0.011267826811614605
2.7492537688647025e15,0.37363957996548625,0.011238128908270957
2.7516717581073275e15,0.37473955200598374,0.011208535271597478
2.7540897473499525e15,0.3758366293525879,0.011179045444431263
2.7565077365925775e15,0.3769308221522416,0.011149658972012517
2.758925725835203e15,0.3780221405074706,0.01112037540196985
2.761343715077828e15,0.379110594476617,0.011091194284305614
2.763761704320453e15,0.38019619407406957,0.01106211517138143
2.766179693563078e15,0.38127894927049566,0.01103313761790375
2.7685976828057035e15,0.38235886999306945,0.011004261180909502
2.7710156720483285e15,0.38343596612569797,0.010975485419751971
2.7734336612909535e15,0.3845102475092498,0.010946809896086577
2.7758516505335785e15,0.3855817239417776,0.010918234173856916
2.7782696397762035e15,0.3866504051787424,0.010889757819280813
2.7806876290188285e15,0.3877163009332353,0.01086138040083652
2.7831056182614535e15,0.3887794208761981,0.010833101489248965
2.7855236075040785e15,0.38983977463664277,0.010804920657476118
2.7879415967467035e15,0.3908973718018691,0.010776837480695464
2.790359585989329e15,0.3919522219176812,0.010748851536290556
2.792777575231954e15,0.3930043344886035,0.010720962403837651
2.795195564474579e15,0.39405371897809394,0.010693169665092461
2.797613553717204e15,0.3951003848087572,0.010665472903976968
2.800031542959829e15,0.39614434136255594,0.010637871706566372
2.802449532202454e15,0.39718559798102127,0.010610365661076069
2.804867521445079e15,0.3982241639654609,0.01058295435784879
2.807285510687704e15,0.39926004857716735,0.010555637389341762
2.8097034999303295e15,0.40029326103762486,0.010528414350113988
2.8121214891729545e15,0.4013238105287128,0.010501284836813635
2.8145394784155795e15,0.4023517061929114,0.010474248448165469
2.8169574676582045e15,0.4033769571335035,0.010447304784958391
2.8193754569008295e15,0.40439957241477653,0.01042045345003307
2.8217934461434545e15,0.4054195610622219,0.010393694048269644
2.8242114353860795e15,0.4064369320627351,0.010367026186575519
2.8266294246287045e15,0.4074516943648129,0.010340449473873237
2.82904741387133e15,0.4084638568787504,0.010313963521088454
2.831465403113955e15,0.4094734284768361,0.010287567941137951
2.83388339235658e15,0.41048041799354673,0.010261262348917785
2.836301381599205e15,0.41148483422574034,0.01023504636129147
2.83871937084183e15,0.4124866859328482,0.010208919597078274
2.841137360084455e15,0.41348598183706564,0.010182881677041584
2.84355534932708e15,0.414482730623542,0.010156932223877332
2.845973338569705e15,0.4154769409405694,0.010131070862202534
2.84839132781233e15,0.4164686213997698,0.010105297218543884
2.8508093170549555e15,0.4174577805762819,0.010079610921326419
2.8532273062975805e15,0.4184444270089457,0.010054011600862294
2.8556452955402055e15,0.41942856920048777,0.010028498889339583
2.8580632847828305e15,0.42041021561770364,0.010003072420811207
2.8604812740254555e15,0.42138937469163995,0.009977731831183891
2.8628992632680805e15,0.4223660548177751,0.009952476758207252
2.8653172525107055e15,0.4233402643562003,0.009927306841462879
2.8677352417533305e15,0.4243120116317971,0.009902221722353576
2.870153230995956e15,0.4252813049344156,0.009877221044092601
2.872571220238581e15,0.42624815251905124,0.009852304451693057
2.874989209481206e15,0.4272125626060206,0.009827471591957257
2.877407198723831e15,0.4281745433811359,0.00980272211346624
2.879825187966456e15,0.42913410299587895,0.009778055666569327
2.882243177209081e15,0.43009124956757294,0.00975347190337375
2.884661166451706e15,0.4310459911795551,0.009728970477734347
2.887079155694331e15,0.4319983358813466,0.009704551045243323
2.8894971449369565e15,0.43294829168882265,0.009680213263220097
2.8919151341795815e15,0.43389586658437995,0.009655956790701213
2.8943331234222065e15,0.4348410685171059,0.009631781288430273
2.8967511126648315e15,0.43578390540294465,0.009607686418848021
2.8991691019074565e15,0.4367243851248618,0.009583671846082418
2.901587091150082e15,0.43766251553301094,0.009559737235938814
2.904005080392707e15,0.4385983044448958,0.009535882255890197
2.906423069635332e15,0.4395317596455339,0.009512106575067476
2.908841058877957e15,0.44046288888761775,0.009488409864249875
2.911259048120582e15,0.44139169989167704,0.009464791795855304
2.9136770373632075e15,0.4423182003462365,0.009441252043930934
2.9160950266058325e15,0.44324239790797715,0.00941779028414367
2.9185130158484575e15,0.44416430020189324,0.009394406193770816
2.9209310050910825e15,0.4450839148214496,0.00937109945169075
2.9233489943337075e15,0.4460012493287382,0.009347869738373647
2.9257669835763325e15,0.44691631125463305,0.009324716735872303
2.9281849728189575e15,0.4478291080989454,0.009301640127812975
2.930602962061583e15,0.4487396473305769,0.009278639599386327
2.933020951304208e15,0.4496479363876723,0.009255714837338403
2.935438940546833e15,0.45055398267777147,0.009232865529961665
2.937856929789458e15,0.45145779357796045,0.009210091367086094
2.940274919032083e15,0.4523593764350212,0.009187392040070365
2.942692908274708e15,0.4532587385655815,0.009164767241793043
2.945110897517333e15,0.45415588725626244,0.009142216666643882
2.947528886759958e15,0.4550508297638265,0.009119740010515128
2.9499468760025835e15,0.45594357331532476,0.00909733697079293
2.9523648652452085e15,0.45683412510824106,0.009075007246348795
2.9547828544878335e15,0.4577224923106389,0.009052750537531068
2.9572008437304585e15,0.4586086820613049,0.009030566546156485
2.9596188329730835e15,0.45949270146989163,0.009008454975501807
2.9620368222157085e15,0.4603745576170609,0.008986415530295474
2.9644548114583335e15,0.46125425755462546,0.00896444791670933
2.9668728007009585e15,0.4621318083056889,0.008942551842350405
2.9692907899435835e15,0.4630072168647874,0.008920727016252716
2.971708779186209e15,0.4638804901980278,0.008898973148869187
2.974126768428834e15,0.4647516352432265,0.00887728995206356
2.976544757671459e15,0.4656206589100472,0.008855677139102387
2.978962746914084e15,0.46648756808013825,0.00883413442464706
2.981380736156709e15,0.4673523696072682,0.008812661524745928
2.983798725399334e15,0.4682150703174617,0.008791258156826402
2.986216714641959e15,0.46907567700913355,0.008769924039687186
2.988634703884584e15,0.46993419645322365,0.008748658893490482
2.9910526931272095e15,0.470790635393329,0.008727462439754315
2.9934706823698345e15,0.47164500054583647,0.00870633440134486
2.9958886716124595e15,0.47249729860005474,0.00868527450246883
2.9983066608550845e15,0.47334753621834513,0.008664282468665933
3.0007246500977095e15,0.4741957200362512,0.00864335802680135
3.0031426393403345e15,0.47504185666262877,0.008622500905058273
3.0055606285829595e15,0.4758859526797744,0.008601710832930492
3.0079786178255845e15,0.4767280146435532,0.008580987541215043
3.01039660706821e15,0.4775680490835268,0.008560330762004862
3.012814596310835e15,0.47840606250307816,0.008539740228681546
3.01523258555346e15,0.4792420613795395,0.008519215675908092
3.017650574796085e15,0.48007605216431637,0.00849875683962175
3.02006856403871e15,0.4809080412830118,0.008478363457026867
3.022486553281335e15,0.4817380351355507,0.008458035266587812
3.02490454252396e15,0.48256604009630255,0.008437772008021925
3.027322531766585e15,0.4833920625142035,0.008417573422292532
3.02974052100921e15,0.4842161087128787,0.008397439251601975
3.0321585102518355e15,0.4850381849907628,0.00837736923938472
3.0345764994944605e15,0.4858582976212201,0.008357363130300485
3.0369944887370855e15,0.4866764528526645,0.008337420670227424
3.0394124779797105e15,0.4874926569086788,0.008317541606255332
3.0418304672223355e15,0.48830691598813214,0.008297725686678937
3.0442484564649605e15,0.48911923626529863,0.008277972660991189
3.046666445707586e15,0.4899296238899735,0.008258282279876619
3.049084434950211e15,0.49073808498758986,0.008238654295204732
3.051502424192836e15,0.4915446256593349,0.008219088460023428
3.053920413435461e15,0.4923492519822634,0.008199584528552514
3.056338402678086e15,0.49315197000941413,0.008180142256177175
3.0587563919207115e15,0.4939527857699224,0.008160761399441567
3.0611743811633365e15,0.49475170526913337,0.0081414417160424
3.0635923704059615e15,0.4955487344887153,0.00812218296482258
3.0660103596485865e15,0.49634387938677016,0.008102984905764896
3.0684283488912115e15,0.49713714589794655,0.008083847299985732
3.070846338133837e15,0.49792853993354913,0.008064769909728818
3.073264327376462e15,0.49871806738164903,0.008045752498359053
3.075682316619087e15,0.4995057341071939,0.008026794830356322
3.078100305861712e15,0.500291545952116,0.008007896671309371
3.080518295104337e15,0.501075508735441,0.007989057787909735
3.082936284346962e15,0.5018576282533955,0.007970277947945671
3.085354273589587e15,0.5026379102795141,0.00795155692029617
3.087772262832212e15,0.5034163605647457,0.00793289447492497
3.090190252074837e15,0.5041929848375604,0.007914290382874624
3.0926082413174625e15,0.5049677888040534,0.007895744416260602
3.0950262305600875e15,0.5057407781480506,0.007877256348265442
3.0974442198027125e15,0.5065119585312129,0.007858825953132908
3.0998622090453375e15,0.5072813355931399,0.007840453006162203
3.1022801982879625e15,0.5080489149514722,0.007822137283702235
3.1046981875305875e15,0.5088147022019947,0.00780387856314588
3.1071161767732125e15,0.5095787029187382,0.007785676622924313
3.1095341660158375e15,0.5103409226540807,0.007767531242501361
3.111952155258463e15,0.5111013669388493,0.0077494422023678886
3.114370144501088e15,0.5118600412824182,0.007731409284036232
3.116788133743713e15,0.5126169511728109,0.007713432270034644
3.119206122986338e15,0.5133721020767981,0.007695510943901797
3.121624112228963e15,0.5141254994399966,0.007677645090181306
3.124042101471588e15,0.5148771486869677,0.007659834494416298
3.126460090714213e15,0.5156270552213144,0.007642078943143998
3.128878079956838e15,0.5163752244257784,0.007624378223890354
3.1312960691994635e15,0.5171216616623382,0.007606732125164711
3.1337140584420885e15,0.5178663722723023,0.0075891404364545004
3.1361320476847135e15,0.5186093615764074,0.007571602948219962
3.1385500369273385e15,0.5193506348749115,0.00755411945188891
3.1409680261699635e15,0.5200901974476904,0.0075366897398515134
3.1433860154125885e15,0.5208280545543293,0.007519313605455138
3.1458040046552135e15,0.5215642114342185,0.007501990842999188
3.1482219938978385e15,0.5222986733066444,0.007484721247729997
3.150639983140464e15,0.5230314453708838,0.0074675046158357425
3.153057972383089e15,0.523762532806294,0.007450340744441408
3.155475961625714e15,0.5244919407724069,0.007433229431603755
3.157893950868339e15,0.525219674409017,0.0074161704763063205
3.160311940110964e15,0.5259457388362738,0.007399163678454486
3.162729929353589e15,0.5266701391547717,0.007382208838870533
3.165147918596214e15,0.5273928804456388,0.007365305759288745
3.167565907838839e15,0.5281139677706267,0.007348454242350545
3.169983897081464e15,0.5288334061721987,0.007331654091599656
3.1724018863240895e15,0.5295512006736177,0.007314905111477284
3.1748198755667145e15,0.5302673562790347,0.007298207107317358
3.1772378648093395e15,0.5309818779735749,0.007281559885341758
3.1796558540519645e15,0.5316947707234256,0.007264963252655601
3.1820738432945895e15,0.5324060394759216,0.007248417017242553
3.1844918325372145e15,0.5331156891596311,0.007231920987960156
3.1869098217798395e15,0.5338237246844413,0.007215474974535203
3.1893278110224645e15,0.5345301509416431,0.00719907878755912
3.19174580026509e15,0.5352349728040163,0.007182732238483382
3.194163789507715e15,0.5359381951259119,0.007166435139614985
3.19658177875034e15,0.5366398227433375,0.007150187304111886
3.198999767992965e15,0.5373398604740396,0.007133988545978527
3.20141775723559e15,0.5380383131175858,0.007117838680061365
3.2038357464782155e15,0.5387351854554481,0.007101737522044423
3.2062537357208405e15,0.5394304822510836,0.007085684888444868
3.2086717249634655e15,0.5401242082500173,0.007069680596608627
3.2110897142060905e15,0.5408163681799213,0.007053724464706028
3.213507703448716e15,0.5415069667506966,0.007037816311727455
3.215925692691341e15,0.5421960086545528,0.0070219559574790395
3.218343681933966e15,0.5428834985660876,0.007006143222578371
3.220761671176591e15,0.5435694411423666,0.00699037792845024
3.223179660419216e15,0.5442538410230013,0.00697465989732241
3.225597649661841e15,0.5449367028302285,0.006958988952221392
3.228015638904466e15,0.5456180311689875,0.006943364916968281
3.230433628147091e15,0.546297830626998,0.0069277876161745805
3.2328516173897165e15,0.5469761057748377,0.006912256875238078
3.2352696066323415e15,0.5476528611660183,0.006896772520338733
3.2376875958749665e15,0.5483281013370626,0.0068813343784345955
3.2401055851175915e15,0.5490018308075804,0.006865942277257733
3.2425235743602165e15,0.5496740540803433,0.006850596045310212
3.2449415636028415e15,0.5503447756413615,0.006835295511860078
3.2473595528454665e15,0.5510139999599571,0.006820040506937359
3.2497775420880915e15,0.5516817314888389,0.006804830861330122
3.252195531330717e15,0.5523479746641776,0.006789666406580502
3.254613520573342e15,0.5530127339056772,0.00677454697498082
3.257031509815967e15,0.5536760136166505,0.006759472399569655
3.259449499058592e15,0.5543378181840911,0.006744442514127998
3.261867488301217e15,0.5549981519787452,0.006729457153175388
3.264285477543842e15,0.5556570193551853,0.006714516151966089
3.266703466786467e15,0.5563144246518804,0.006699619346485299
3.269121456029092e15,0.5569703721912687,0.0066847665734453545
3.2715394452717175e15,0.5576248662798278,0.0066699576702819756
3.2739574345143425e15,0.5582779112081452,0.0066551924751505455
3.2763754237569675e15,0.5589295112509896,0.006640470826922371
3.2787934129995925e15,0.5595796706673797,0.006625792565181012
3.2812114022422175e15,0.5602283937006551,0.006611157530218597
3.2836293914848425e15,0.5608756845785439,0.006596565563032183
3.2860473807274675e15,0.5615215475132328,0.0065820165053201264
3.2884653699700925e15,0.562165986701435,0.006567510199478474
3.2908833592127175e15,0.5628090063244588,0.006553046488597384
3.293301348455343e15,0.563450610548275,0.006538625216457553
3.295719337697968e15,0.5640908035235843,0.006524246227526691
3.298137326940593e15,0.5647295893858849,0.006509909366955973
3.300555316183218e15,0.5653669722555388,0.006495614480576561
3.302973305425843e15,0.5660029562378384,0.006481361414896117
3.305391294668468e15,0.566637545423073,0.0064671500170953265
3.307809283911093e15,0.5672707438865934,0.006452980135024486
3.310227273153718e15,0.5679025556888787,0.006438851617200055
3.3126452623963435e15,0.5685329848756003,0.006424764312801277
3.3150632516389685e15,0.5691620354776874,0.006410718071666796
3.3174812408815935e15,0.5697897115113906,0.006396712744291276
3.3198992301242185e15,0.570416016978347,0.006382748181822083
3.3223172193668435e15,0.5710409558656431,0.006368824236055952
3.3247352086094685e15,0.5716645321458789,0.006354940759435688
3.3271531978520935e15,0.57228674977723,0.006341097605046881
3.3295711870947185e15,0.5729076127035119,0.006327294626614638
3.331989176337344e15,0.5735271248542411,0.006313531678500349
3.334407165579969e15,0.574145290144698,0.0062998086156984484
3.336825154822594e15,0.5747621124759883,0.0062861252938332165
3.339243144065219e15,0.5753775957351052,0.0062724815691555785
3.341661133307844e15,0.57599174379499,0.006258877298539947
3.344079122550469e15,0.5766045605145929,0.006245312339481059
3.3464971117930945e15,0.5772160497389346,0.006231786550090848
3.3489151010357195e15,0.5778262152991651,0.006218299789095328
3.3513330902783445e15,0.5784350610126252,0.0062048519158314904
3.3537510795209695e15,0.5790425906829051,0.006191442790244223
3.3561690687635945e15,0.5796488080999038,0.0061780722728832565
3.35858705800622e15,0.5802537170398896,0.00616474022490011
3.361005047248845e15,0.5808573212655568,0.006151446508045066
3.36342303649147e15,0.5814596245260857,0.0061381909846641635
3.365841025734095e15,0.5820606305572005,0.006124973517696199
3.36825901497672e15,0.5826603430812267,0.00611179397066976
3.370677004219345e15,0.5832587658071494,0.0060986522077002515
3.3730949934619705e15,0.58385590243067,0.0060855480934869765
3.3755129827045955e15,0.5844517566342636,0.006072481493310186
3.3779309719472205e15,0.5850463320872361,0.006059452273028191
3.3803489611898455e15,0.5856396324457795,0.00604646029907446
3.3827669504324705e15,0.5862316613530298,0.006033505438454747
3.3851849396750955e15,0.5868224224391213,0.006020587558744232
3.3876029289177205e15,0.5874119193212431,0.006007706528084682
3.3900209181603455e15,0.5880001556036943,0.0059948622151816235
3.392438907402971e15,0.5885871348779392,0.005982054489301525
3.394856896645596e15,0.5891728607226614,0.0059692832202690215
3.397274885888221e15,0.5897573367038196,0.005956548278464114
3.399692875130846e15,0.5903405663747006,0.0059438495348194224
3.402110864373471e15,0.590922553275974,0.005931186860817434
3.404528853616096e15,0.591503300935746,0.005918560128487773
3.406946842858721e15,0.5920828128696121,0.005905969210404482
3.409364832101346e15,0.592661092580711,0.0058934139796833285
3.411782821343971e15,0.5932381435597777,0.005880894309979119
3.4142008105865965e15,0.5938139692851953,0.005868410075483013
3.4166187998292215e15,0.5943885732230481,0.0058559611509199005
3.4190367890718465e15,0.5949619588271731,0.005843547411545735
3.4214547783144715e15,0.5955341295392131,0.005831168733144914
3.4238727675570965e15,0.5961050887886672,0.0058188249920276755
3.4262907567997215e15,0.596674839992942,0.00580651606502751
3.4287087460423465e15,0.5972433865574043,0.005794241829498555
3.4311267352849715e15,0.59781073187543,0.005782002163313056
3.433544724527597e15,0.5983768793284561,0.005769796944858799
3.435962713770222e15,0.5989418322860303,0.005757626053036581
3.438380703012847e15,0.5995055941058616,0.005745489367257681
3.440798692255472e15,0.6000681681338702,0.005733386767441355
3.443216681498097e15,0.6006295577042365,0.005721318134012342
3.445634670740722e15,0.6011897661394514,0.00570928334789838
3.448052659983347e15,0.6017487967503645,0.005697282290527743
3.450470649225972e15,0.602306652836234,0.005685314843826787
3.4528886384685975e15,0.6028633376847745,0.005673380890217507
3.4553066277112225e15,0.6034188545722057,0.005661480312615118
3.4577246169538475e15,0.6039732067633006,0.005649612994425641
3.4601426061964725e15,0.6045263975114341,0.005637778819543497
3.4625605954390975e15,0.6050784300586294,0.005625977672349134
3.4649785846817225e15,0.6056293076356067,0.005614209437706645
3.4673965739243475e15,0.6061790334618298,0.005602474000961417
3.4698145631669725e15,0.6067276107455533,0.0055907712479377775
3.4722325524095975e15,0.6072750426838696,0.005579101064936671
3.474650541652223e15,0.6078213324627548,0.005567463338733332
3.477068530894848e15,0.6083664832571161,0.005555857956574988
3.479486520137473e15,0.6089104982308366,0.005544284806178549
3.481904509380098e15,0.6094533805368229,0.0055327437757283415
3.484322498622723e15,0.6099951333170488,0.005521234753873841
3.486740487865348e15,0.6105357597026024,0.0055097576297274
3.489158477107973e15,0.6110752628137304,0.005498312292862023
3.4915764663505985e15,0.6116136457598835,0.0054868986333091235
3.4939944555932235e15,0.6121509116397611,0.0054755165415563125
3.4964124448358485e15,0.6126870635413555,0.005464165908545193
3.4988304340784735e15,0.6132221045419968,0.005452846625669153
3.5012484233210985e15,0.6137560377083973,0.005441558584771199
3.503666412563724e15,0.6142888660966942,0.005430301678141778
3.506084401806349e15,0.6148205927524948,0.005419075798516626
3.508502391048974e15,0.6153512207109186,0.005407880839074609
3.510920380291599e15,0.6158807529966424,0.005396716693435603
3.5133383695342245e15,0.616409192623941,0.0053855832556583645
3.5157563587768495e15,0.6169365425967321,0.0053744804202384205
3.5181743480194745e15,0.6174628059086185,0.005363408082105966
3.5205923372620995e15,0.6179879855429298,0.005352366136623784
3.5230103265047245e15,0.6185120844727656,0.005341354479585163
3.5254283157473495e15,0.6190351056610368,0.00533037300721183
3.5278463049899745e15,0.619557052060508,0.005319421616151908
3.5302642942325995e15,0.6200779266138395,0.005308500203477858
3.5326822834752245e15,0.6205977322536276,0.0052976086666844625
3.53510027271785e15,0.6211164719024467,0.00528674690368679
3.537518261960475e15,0.6216341484728902,0.005275914812818207
3.5399362512031e15,0.6221507648676117,0.005265112292828359
3.542354240445725e15,0.622666323979365,0.005254339242881196
3.54477222968835e15,0.6231808286910452,0.005243595562552986
3.547190218930975e15,0.6236942818757285,0.005232881151830361
3.5496082081736e15,0.6242066863967126,0.0052221959111083535
3.552026197416225e15,0.6247180451075567,0.005211539741188457
3.5544441866588505e15,0.6252283608521209,0.00520091254327669
3.5568621759014755e15,0.6257376364646058,0.005190314218981674
3.5592801651441005e15,0.6262458747695921,0.005179744670312717
3.5616981543867255e15,0.6267530785820797,0.005169203799677917
3.5641161436293505e15,0.6272592507075263,0.005158691509882267
3.5665341328719755e15,0.6277643939418867,0.005148207704125771
3.5689521221146005e15,0.6282685110716506,0.005137752286001576
3.5713701113572255e15,0.6287716048738823,0.005127325159494109
3.573788100599851e15,0.6292736781162578,0.005116926228977226
3.576206089842476e15,0.6297747335571031,0.005106555399212371
3.578624079085101e15,0.6302747739454324,0.0050962125753467435
3.581042068327726e15,0.6307738020209857,0.005085897662911474
3.583460057570351e15,0.631271820514266,0.0050756105678198184
3.585878046812976e15,0.6317688321465773,0.005065351196365356
3.588296036055601e15,0.632264839630061,0.0050551194552201865
3.590714025298226e15,0.6327598456677332,0.00504491525143316
3.593132014540851e15,0.6332538529535217,0.0050347384924281
3.5955500037834765e15,0.6337468641723026,0.005024589086002035
3.5979679930261015e15,0.6342388819999364,0.005014466940323453
3.6003859822687265e15,0.6347299091033045,0.00500437196393055
3.6028039715113515e15,0.635219948140346,0.004994304065729492
3.6052219607539765e15,0.6357090017600922,0.004984263154992702
3.6076399499966015e15,0.636197072602704,0.00497424914135713
3.6100579392392265e15,0.6366841632995064,0.004964261934822552
3.6124759284818515e15,0.6371702764730242,0.0049543014457498705
3.614893917724477e15,0.6376554147370177,0.004944367584859423
3.617311906967102e15,0.6381395806965175,0.0049344602632293046
3.619729896209727e15,0.6386227769478594,0.0049245793922936985
3.622147885452352e15,0.6391050060787193,0.004914724883841206
3.624565874694977e15,0.6395862706681479,0.0049048966500131975
3.626983863937602e15,0.6400665732866049,0.004895094603302172
