1239.8419840550366,2.0126179160469073,0.00012291808305932322
1227.5663208465708,2.0126272428993657,0.00012464551073896221
1215.5313569167024,2.0126367141920145,0.00012639159365481625
1203.7300816068318,2.012646331991454,0.00012815675176285326
1192.1557538990735,2.0126560984198196,0.00012994141622691674
1180.8018895762252,2.012666015656644,0.0001317460298468625
1169.662249108525,2.0126760859408073,0.00013357104750731796
1158.7308262196605,2.0126863115725757,0.00013541693664831373
1148.0018370879968,2.012696694915733,0.00013728417775912908
1137.4697101422353,2.0127072383998144,0.00013917326489679187
1127.1290764136697,2.012717944522448,0.00014108470623078046
1116.9747604099427,2.0127288158518026,0.00014301902461559204
1107.0017714777111,2.012739855029157,0.00014497675819296872
1097.2052956239263,2.0127510647715985,0.00014695846102571133
1087.580687767576,2.012762447874848,0.00014896470376516116
1078.123464395684,2.0127740072162337,0.0001509960743545942
1068.8292965991695,2.012785745757808,0.00015305317877095363
1059.6940034658435,2.0127976665496305,0.00015513664180754008
1050.7135458093533,2.012809772733216,0.00015724710790049668
1041.8840202143165,2.012822067545166,0.0001593852420021605
1033.2016533791973,2.0128345543209916,0.00016155173050460858
1024.6627967396996,2.0128472364991445,0.00016374728221701398
1016.2639213565874,2.0128601176252587,0.0001659726294007344
1008.0016130528752,2.0128732013566357,0.00016822852886640263
999.8725677863199,2.0128864914669733,0.00017051576313766297
991.8735872440293,2.012899991851362,0.00017283514168661498
984.0015746468545,2.0129137065315668,0.00017518750224648666
976.2535307519973,2.012927639661618,0.00017757371220756486
968.6265500429973,2.012941795533721,0.00017999467010297552
961.1178170969275,2.0129561785845302,0.0001824513071915274
953.724603119259,2.012970793401786,0.0001849445891455255
946.4442626374324,2.0129856447313688,0.00018747551785222772
939.2742303447247,2.0130007374847816,0.00019004513333847255
932.2120180864937,2.0130160767471073,0.00019265451582895746
925.2552119813705,2.013031667785468,0.00019530478794970888
918.4014696703974,2.013047516058034,0.0001979971170894705
911.648517687527,2.013063627223617,0.00020073271793306276
904.9941489452823,2.013080007151907,0.00020351285518225358
898.4362203297369,2.013096661934396,0.00020633884648134498
891.9726503993069,2.0131135978960484,0.00020921206556655947
885.601417182169,2.0131308216077812,0.00021213394566041186
879.3205560674018,2.0131483398998293,0.00021510598313463896
873.1281577852371,2.0131661598760635,0.00021812974146793646
867.0223664720537,2.013184288929349,0.00022120685552779867
861.0013778159977,2.0132027347580466,0.00022433903620919381
855.0634372793356,2.013221505383743,0.00022752807546672101
849.2068383938607,2.013240609170344,0.00023077585178133905
843.4299211258752,2.013260054844642,0.000234084336107827
837.7310703074572,2.0132798515185124,0.000237455598354921
832.1087141308972,2.0133000087128856,0.0002408918144566944
826.5613227033577,2.0133205363836817,0.00024439527410133875
821.0874066589647,2.0133414449498925,0.00024796838919222553
815.685515825682,2.0133627453240424,0.0002516137031261743
810.3542379444683,2.013384448945269,0.0002553339009854445
805.0921974383355,2.013406567815297,0.00025913182075338145
799.8980542290558,2.0134291145376277,0.000263010465679199
794.7705025993824,2.013452102360286,0.00026697301793546387
789.7082700987494,2.0134755452225264,0.00027102285373292105
784.7101164905295,2.0134994578059455,0.00027516356008192944
779.7748327390168,2.013523855590516,0.00027939895341863846
774.9012400343979,2.013548754916113,0.00028373310034795655
770.08818885406,2.0135741730502046,0.0002881703407953379
765.3345580586646,2.01360012826245,0.00029271531390668605
760.6392540214948,2.013626639907078,0.0002973729870917165
756.0012097896564,2.01365372851403,0.00030214868867283644
751.4193842757797,2.013681415890017,0.0003070481446812191
746.8927614789377,2.013709725230797,0.00031207752043717725
742.420349733555,2.0137386812462017,0.00031724346766667414
738.0011809851408,2.0137683102996773,0.00032255317804432955
733.6343100917376,2.0137986405643993,0.00032801444422114084
729.3188141500215,2.013829702198353,0.0003336357295994446
725.0537918450507,2.0138615275412004,0.0003394262483673378
720.8383628226958,2.013894151336224,0.00034539605761136504
716.6716670838363,2.0139276109812556,0.0003515561637044475
712.5528643994463,2.0139619468131813,0.00035791864563484933
708.4811337457352,2.013997202431507,0.0003644967985261208
704.4556727585436,2.0140334250674985,0.00037130530132976615
700.4756972062354,2.0140706660067087,0.0003783604135943606
696.5404404803578,2.014108981074278,0.0003856802073832995
692.6491531033724,2.014148431194344,0.00039328484190346744
688.8011022527982,2.014189083037296,0.0004011968903198508
684.9955713011252,2.01423100977164,0.00040944173070334573
681.2318593708992,2.0142742919409624,0.00041804801627764597
677.5092809043915,2.0143190184912543,0.00042704824435367387
673.8271652473026,2.01436528797982,0.0004364794489246527
670.1848562459656,2.014413210004614,0.0004463840493443234
666.5817118575467,2.0144629069026174,0.00045681089753793675
663.0171037727467,2.0145145157783952,0.00046781657982250644
659.4904170505514,2.0145681909402153,0.0004794670481209865
656.0010497645695,2.0146241068422435,0.000491839681318641
652.5484126605455,2.0146824616589583,0.0005050259139596055
649.1319288246265,2.0147434816542384,0.0005191346212841218
645.7510333619983,2.0148074265554916,0.0005342965241986227
642.4051730855113,2.0148745962064973,0.000550669986690521
639.0938062139364,2.014945338856358,0.0005684487396446049
635.8164020795059,2.0150200615521063,0.0005878723081895032
632.5724408444065,2.015099243245963,0.0006092402923334483
629.3614132259069,2.0151834514105182,0.0006329322323169503
626.1828202298165,2.015273363175649,0.0006594357162980187
623.0361728919781,2.015369792239208,0.0006893868945435436
619.9209920275183,2.015473722985139,0.0007236300715552919
616.8368079875805,2.0155863531554594,0.0007633073231884826
613.7831604232854,2.015709145505835,0.000809996567455531
610.7595980566682,2.015843885685852,0.0008659299645751358
607.7656784583512,2.015992734416812,0.0009343493472305036
604.8009678317252,2.016158237234931,0.0010201023628228414
601.8650408034159,2.0163431889513057,0.0011306735158186133
598.9574802198243,2.0165500728330814,0.0012780184435409552
596.0778769495367,2.016779315230112,0.001481886607506173
593.2258296914051,2.0170243085484962,0.0017757578889552744
590.4009447881126,2.017257952989265,0.002216234426188014
587.602836045041,2.0174000781983983,0.002889725751456705
584.8311245542625,2.01726532427148,0.0038683021128541745
582.0854385234913,2.01660909060803,0.00495323913648375
579.3654131098302,2.0155142121480574,0.005353148845741832
576.6706902581565,2.0145666325896676,0.00468135665365765
574.0009185439984,2.0141788341110725,0.0037218617101830364
571.3557530207543,2.0142300135446956,0.0030291941980774796
568.7348550711177,2.014474704896,0.0026412762414994486
566.1378922625738,2.0147749606111542,0.0024750517089416673
563.5645382068349,2.0150730310537774,0.002467829923991781
561.0144724230935,2.0153420587032267,0.002588279673328563
558.4873802049715,2.015559715390007,0.0028256987730740455
555.9829524910479,2.015694900741219,0.003177647028143744
553.5008857388556,2.015702015841814,0.0036328478729191504
551.0408818022385,2.0155278388548092,0.004143685856770593
548.6026478119632,2.015142369951878,0.0045969090832258495
546.1858960594875,2.014587659643987,0.004828633993655755
543.790343883788,2.013992558965614,0.00472808660532312
541.4157135611514,2.0135072230418416,0.004339896175934476
539.061732197842,2.01321413612565,0.0038182442421207208
536.728131625557,2.0131081933961656,0.0033020367505290408
534.4146482995847,2.0131392084441604,0.0028601996753961217
532.1210231995865,2.013254151797824,0.002508161860138493
529.8470017329217,2.013414077782895,0.0022370397080752604
527.5923336404411,2.013594766334441,0.002031368778996628
525.3567729046765,2.0137825286513875,0.001876404442474378
523.140077660353,2.0139701807883235,0.001760186638109415
520.9420101071582,2.014154280793698,0.0016736061004775822
518.7623364247015,2.01433345228653,0.0016098970451030774
516.6008266895985,2.014507422082306,0.001564073647583457
514.4572547946209,2.01467648289888,0.001532460209109547
512.3313983698498,2.014841198564958,0.0015123355251983953
510.2230387057765,2.0150022450085396,0.0015016741324540075
508.1319606782937,2.015160326635473,0.00149896094340825
506.0579526755251,2.0153161343537445,0.0015030589765613407
504.0008065264376,2.0154703264548077,0.0015131147916119401
501.96031743118897,2.0156235218917287,0.0015284905610896604
499.93628389315995,2.015776300132024,0.0015487149978170404
497.92850765262506,2.0159292043553703,0.0015734477162715353
495.93679362201465,2.0160827462224424,0.0016024532548802781
493.96094982272376,2.0162374112632264,0.0016355821279799292
492.00078732342723,2.0163936644000744,0.0016727570660604357
490.05612017985635,2.016551955388659,0.0017139631522472153
488.1267653759987,2.0167127241177085,0.0017592409490733028
486.2125427666811,2.0168764058080715,0.0018086819857857175
484.31327502149867,2.0170434362259124,0.0018624261800150596
482.42878757005315,2.017214257097498,0.0019206609259564988
480.55890854846376,2.0173893220067907,0.0019836217167048397
478.70346874711845,2.0175691032015193,0.002051594303877626
476.8623015596295,2.0177540999765924,0.002124918564067665
475.03524293296414,2.017944849734352,0.0022039944929406873
473.2221313187162,2.0181419436143204,0.0022892911950519166
471.42280762548927,2.0183460501057873,0.0023813606354353947
469.63711517236237,2.0185579531045637,0.0024808599045332068
467.86489964341,2.018778617292882,0.0025885905592832065
466.10600904324684,2.019009307958589,0.0027055764883856916
464.36029365357183,2.019251825454864,0.002833240625071028
462.62760599068537,2.0195089917232085,0.002973877135843797
460.9078007639541,2.0197856632789852,0.003132198874717867
459.2007348351987,2.0200899438150133,0.0033220299574767556
457.5062671789803,2.020413058472937,0.003609233485887854
455.8242588437635,2.0204792215384053,0.0043010627010073394
454.1545729139328,2.0205159208982435,0.00409555827416818
452.49707447264115,2.020834519384729,0.004133888428478581
450.8516305654679,2.0212013285166264,0.0043376961941868145
449.21811016486845,2.021562983380821,0.004594571884791497
447.59638413539227,2.021926615352265,0.0048881619930368604
445.98632519965344,2.022297401644064,0.0052171485324907846
444.387807905031,2.0226780181269324,0.005584169753173928
442.8007085910845,2.0230696428056993,0.005993615174453859
441.22490535766434,2.023472401760448,0.006451101228003218
439.6602780337009,2.023885470188083,0.00696338559316212
438.10670814665605,2.0243069724872926,0.007538426431853996
436.56407889261857,2.024733733893491,0.008185494658651765
435.03227510703033,2.0251608907783027,0.008915295476290707
433.5111832360268,2.0255813438710186,0.00974006036352231
432.0006913083751,2.025985026906627,0.010673556442390522
430.50068890799884,2.026357960547508,0.01173093034480477
429.01106714707146,2.026681072322784,0.012928256126365256
427.53171863966776,2.0269287988866704,0.014281588269083023
426.0625374759576,2.0270675664536237,0.015805232323776876
424.60341919693036,2.0270543969013066,0.017508852090667493
423.1542607696371,2.0268361417083076,0.01939298059818117
421.7149605629376,2.0263502145854497,0.021442600529300117
420.2854183237412,2.0255281118314024,0.02361890329081121
418.8655351537286,2.024303242482065,0.02585038195990191
417.4552134865443,2.022624148409019,0.028026197254521535
416.0543570654486,2.0204724320975282,0.029996833955970626
414.662870921417,2.0178813896392183,0.03158784518035343
413.2806613516789,2.0149476629026335,0.03262942273520855
411.90763589868317,2.0118272651003815,0.03299641699206193
410.54370332948236,2.0087121747695544,0.032643956526343394
409.18877361552364,2.005793373752267,0.03162138885477081
407.842757912841,2.0032242719539033,0.030057008300143014
406.505568542635,2.0010982212398503,0.028121803856287517
405.17711897223415,1.9994454826374914,0.025989664393496353
403.8573237964289,1.998245452387307,0.02380852542797922
402.54609871916773,1.9974454249929763,0.021687359788435008
401.2433605356106,1.9969783549096827,0.01969600764866269
399.9490271145279,1.9967758054146003,0.01787201901767838
398.66301738104073,1.9967755295075196,0.016229579200982152
397.3852512996912,1.9969248123279506,0.014767677552330454
396.1156498578392,1.99718109751934,0.013476431454642866
394.8541350493747,1.9975111679204582,0.01234148924963892
393.60062985874174,1.9978897310858335,0.011346857083129984
392.35505824526473,1.9982978961582647,0.010476582079423535
391.1173451277718,1.9987217793281475,0.00971566868165594
389.88741636950834,1.999151327474145,0.009050510737343646
388.66519876333444,1.9995793722754363,0.008469033948290742
387.45062001719896,2.000000892175095,0.007960675317971738
386.2436087398868,2.0004124476872898,0.007516278456312371
385.04409442702996,2.0008117549084656,0.007127951929091783
383.8520074473798,2.001197366191068,0.006788917672572226
382.6672790293323,2.0015684324401652,0.006493364057279408
381.48984124770357,2.001924526862415,0.006236310737570833
380.3196270107474,2.002265514634805,0.00601348810523573
379.1565700474118,2.0025914567245597,0.0058212317636368105
378.0006048948282,2.0029025390382444,0.0056563911856627935
376.85166688602936,2.003199020334855,0.005516251137290587
375.7096921378898,2.003481194043299,0.005398464248181971
374.57461753928595,2.0037493604037673,0.005300993117310486
373.4463807394689,2.0040038063085093,0.005222060452900225
372.3249201366477,2.0042447909316423,0.005160105903607613
371.2101748667775,2.0044725357725213,0.005113748409999399
370.1020847925482,2.0046872181395328,0.005081753075860214
369.0005904925704,2.004888967405688,0.005063001720841547
367.9056332507527,2.005077863599156,0.005056466427880743
366.8171550458688,2.005253938068595,0.005061185541998208
365.73509854130873,2.005417176096867,0.005076241714218306
364.6594070750108,2.005567521434885,0.005100741718507613
363.5900246495708,2.005704882793887,0.005133797903428832
362.52689592252534,2.0058291423702386,0.005174511275238726
361.4699661968036,2.005940166480994,0.005221956345251704
360.4191814113479,2.0060378183581085,0.0052751680088969745
359.37448813189474,2.006121973081606,0.005333130851467527
358.33583354191813,2.0061925345247347,0.005394771387088304
357.30316543372817,2.006249454037122,0.005458953820341305
356.27643219972316,2.0062927504088233,0.005524479958576327
355.25558282379274,2.006322530448056,0.005590093879660359
354.2405668728676,2.006339009284233,0.005654491857668988
353.23133448861444,2.006342529298882,0.005716337854484947
352.2278363792718,2.0063335764200794,0.005774284593092167
351.23002381162513,2.006312792425052,0.005826999845547917
350.2378486031177,2.0062809819143173,0.005873197118152368
349.25126311409474,2.006239112776198,0.005911669438675686
348.2702202401789,2.006188309266246,0.005941324501765941
347.29467340477214,2.006129837275571,0.005961219074615141
346.3245765516862,2.006065081924806,0.005970590370968196
345.35988413789323,2.005995518242488,0.005968882119902402
344.4005511263991,2.0059226762961124,0.005955763313049917
343.4465329792345,2.0058481026619406,0.005931138101713213
342.4977856505626,2.005773320473371,0.005895145987584866
341.55426557989995,2.005699790425513,0.005848152229193844
340.6159296854496,2.005628875014831,0.005790729173110131
339.6827353575443,2.0055618079721946,0.005723629915090571
338.75464045219576,2.005499670352526,0.005647756218983278
337.83160328475117,2.0054433741444186,0.005564122918106307
336.9135826236512,2.005393653637632,0.005473821080092616
336.0005376842918,2.0053510642091776,0.005377982052882091
335.0924281229828,2.0053159877175175,0.005277744175288636
334.1892140310071,2.005288643363709,0.0051742234943393875
333.2908559287733,2.005269102698703,0.005068489349759773
332.39731476006347,2.005257307416894,0.004961545221727909
331.50855188637337,2.0052530886523554,0.004854314834536621
330.6245290813431,2.005256186652977,0.004747633191787504
329.7452085252757,2.0052662699150026,0.004642241997441089
328.87055279974453,2.0052829530856098,0.0045387887875788895
328.00052488228476,2.005305813160146,0.0044378290474099465
327.1350881411706,2.005334403696783,0.0043398305996438695
326.27420633027276,2.005368266935192,0.00424517960556553
325.4178435839991,2.005406943833717,0.004154187602101275
324.56596441231324,2.0054499821323573,0.004067099092793261
323.718533695832,2.0054969426101947,0.003984099307198239
322.87551668099917,2.0055474037409664,0.0039053218344081257
322.03687897533416,2.0056009649648012,0.003830855917644101
321.2025865427557,2.005657248793237,0.003760753265986554
320.37260569897586,2.005715901953179,0.0036950342957278674
319.5469031069682,2.0057765957574327,0.0036336937581497603
318.72544577250295,2.005839025867963,0.003576705743971173
317.90820103975307,2.0059029115952924,0.003524028078846442
317.0951365869659,2.0059679948551405,0.003475606140755861
316.28622042220326,2.0060340388824525,0.0034313761404875776
315.4814208791442,2.006100826784086,0.0033912679120640396
314.68070661295343,2.0061681599947336,0.0033552072621200317
313.88404659621176,2.0062358566864216,0.0033231179268831098
313.09141011490823,2.006303750169831,0.0032949231833337305
312.30276676449284,2.0063716873157587,0.0032705471579457138
311.51808644598907,2.006439527016895,0.0032499158725920094
310.73733936216456,2.0065071387036313,0.003232958063085297
309.96049601375915,2.006574400922478,0.0032196058016478895
309.18752719576975,2.0066411999817477,0.0032097949505335956
308.41840399379026,2.0067074286661857,0.003203465470159634
307.6530977804061,2.0067729850200453,0.0032005616015101197
306.8915802116427,2.006837771196609,0.003201031939273639
306.1338232234658,2.006901692371131,0.003204829409183555
305.3797990283341,2.0069646557136362,0.0032119111603350287
304.62948011180254,2.0070265694177802,0.003222238380841648
303.8828392291756,2.007087341782046,0.003235776043047752
303.1398494022095,2.0071468803398362,0.0032524925826087096
302.4004839158626,2.0072050910355275,0.003272359514070123
301.6647163150941,2.0072618774442117,0.0032953509841003098
300.93252040170796,2.0073171400336483,0.003321443262243959
300.20387023124374,2.0073707754679386,0.0033506141679588756
299.47874010991217,2.0074226759534692,0.00338284243176768
298.757104591575,2.0074727286289407,0.003418106987603393
298.0389384747684,2.007520815002592,0.0034563861928601685
297.324216799769,2.007566810441236,0.0034976569722919636
296.61291484570256,2.0076105837172937,0.0035418938817549936
295.90500812769375,2.0076519966217385,0.0035890680878929064
295.2004723940563,2.007690903652681,0.0036391462602534366
294.49928362352415,2.007727151791251,0.0036920893730453897
293.8014180225205,2.0077605803783993,0.0037478514148453577
293.10685202246725,2.007791021108264,0.003806378006100114
292.41556227713124,2.0078182981557315,0.0038676049263030587
291.7275256600086,2.007842228457709,0.003931456555311129
291.0427192617457,2.0078626221693194,0.003997844236471234
290.36112038759643,2.007879283317648,0.00406666457309204
289.6827065549151,2.007892010676593,0.0041377976743652125
289.00745549068455,2.007900598886774,0.004211105372124169
288.33534512907823,2.007904839843953,0.00428642943581203
287.6663536090572,2.007904524378011,0.004363589819654101
287.0004592719992,2.007899444241826,0.004442382983181256
286.3376406593618,2.0078893944252414,0.004522580333747345
285.67787651037713,2.0078741758034866,0.004603926847267517
285.02114575977856,2.0078535981216783,0.004686139930724709
284.3674275355589,2.007827483307266,0.004768908596604463
283.716701156759,2.0077956690904566,0.0048518930247818445
283.0689461312869,2.0077580128987096,0.0049347245908704105
282.4241421537668,2.00771439597566,0.00501700644095531
281.78226910341743,2.0076647276575748,0.005098314690239206
281.1433070419584,2.0076089497222824,0.005178200316715653
280.50723621154674,2.007547040707275,0.005256191809910638
279.8740370327397,2.0074790200763113,0.005331798618520757
279.24369010248574,2.007404952098672,0.005404515419189693
278.61617619214303,2.0073249492934764,0.005473827201804528
277.9914762455239,2.0072391752847323,0.005539215135077497
277.36957137696567,2.007147846912316,0.005600163140803434
276.7504428694278,2.0070512354512147,0.0056561650675480794
276.1340721726139,2.0069496668068485,0.005706732316609959
275.52044090111923,2.0068435205786628,0.005751401737288061
274.90953083260234,2.0067332279170946,0.00578974357741521
274.3013239059816,2.0066192681396635,0.0058213692514661386
273.69580221965487,2.006502164118565,0.005845938674806226
273.09294802974375,2.006382476502489,0.005863166910826292
272.49274374835966,2.0062607968864445,0.00587282988909952
271.895171941894,2.00613774009203,0.0058747689776471775
271.3002153293297,2.0060139357633617,0.005868894230194387
270.7078567805757,2.005890019517854,0.005855186178133831
270.1180793148228,2.0057666239135337,0.00583369609401235
269.530866098921,2.0056443695039965,0.005804544715171515
268.94620044577806,2.005523856247618,0.005767919478724489
268.3640658127785,2.0054056555196658,0.0057240703782845325
267.7844458002239,2.005290302945829,0.0056733046050343365
267.2073241497923,2.005178292235706,0.0056159801777536985
266.6326847430186,2.0050700701478785,0.005552498796133516
266.06051159979324,2.0049660326675998,0.005483298167985009
265.49078887688154,2.004866522427187,0.005408844063780756
264.92350086646087,2.0047718273509374,0.005329622342308188
264.35863199467735,2.004682180463399,0.005246131170859749
263.79616682022055,2.004597760764007,0.005158873634673396
263.2360900329165,2.0045186950436316,0.005068350895916662
262.67838645233826,2.004445060499947,0.004975056025055345
262.12304102643475,2.00437688799851,0.004879468589457157
261.5700388301765,2.0043141658243515,0.004782050047687668
261.0193650642182,2.0042568437735437,0.0046832399648413375
260.4710050535791,2.0042048374443646,0.004583453035589611
259.92494424633895,2.004158032601807,0.004483076878106431
259.38116821235076,2.0041162895059594,0.0043824705438909334
258.83966264197005,2.004079447112873,0.004281963675623137
258.30041334479927,2.004047327074846,0.004181856237158754
257.76340624844835,2.0040197374847617,0.0040824187360041465
257.22862739731045,2.0039964763254785,0.003983892858414565
256.6960629513533,2.0039773345999294,0.00388649243989804
256.1656991849249,2.003962099130215,0.0037904046986686163
255.63752248557458,2.0039505550245442,0.003695791665821633
255.11151935288825,2.00394248781935,0.0036027917531262824
254.5876763973381,2.0039376853104827,0.0035115214068673706
254.06598033914685,2.0039359390921394,0.0034220768037365326
253.54641800716493,2.0039370458254897,0.0033345355520826136
253.02897633776254,2.003940808260847,0.0032489583686754475
252.5136423737345,2.0039470360381526,0.003165390707380305
252.0004032632188,2.003955546290504,0.0030838643217079684
251.48924625862816,2.0039661640748387,0.0030043987480671487
250.98015871559448,2.0039787226527204,0.0029270027007094537
250.47312809192658,2.0039930636427172,0.002851675372854177
249.96814194657998,2.004009037064167,0.0027784076413597974
249.46518793863916,2.004026501290321,0.002707183174630409
248.96425382631253,2.004045322927028,0.002637979445272998
248.46532746593917,2.0040653766313237,0.0025707686504192148
247.96839681100732,2.0040865448825302,0.002505518543657229
247.47344991118496,2.004108717716859,0.0024421931832427444
246.98047491136185,2.0041317924349755,0.002380753601728045
246.4894600507031,2.0041556732906103,0.0023211584024111767
246.00039366171362,2.00418027116704,0.0022633642881061174
245.5132641693142,2.0042055032471446,0.0022073265277056057
245.02806008992818,2.004231292681765,0.002152999365880982
244.5447700305792,2.0042575682602006,0.0021003363810646806
244.06338268799934,2.004284264085951,0.0020492907966109994
243.5838868477479,2.004311319260138,0.0019998157497476752
243.10627138334056,2.0043386775744914,0.0019518645226274894
242.63052525538876,2.004366287215317,0.0019053907394771545
242.15663751074933,2.0043941004794497,0.0018603485335281006
241.68459728168358,2.004422073502875,0.0018166926871069542
241.2143937850266,2.004450166002419,0.0017743787479671147
240.7460163213663,2.0044783410306892,0.0017333631246600912
240.27945427423188,2.0045065647442435,0.0016936031634784813
239.81469710929144,2.0045348061848576,0.0016550572092526368
239.35173437355922,2.0045630370735967,0.0016176846520513158
238.89055569461203,2.0045912316173533,0.0015814459616224047
238.43115077981474,2.004619366327417,0.001546302711213396
237.97350941555408,2.0046474198496047,0.0015122175922317323
237.51762146648213,2.0046753728054525,0.0014791544210419757
237.063476874768,2.0047032076439355,0.0014470781390487214
236.6110656593581,2.004730908503187,0.0014159548070806149
236.16037791524505,2.0047584610816775,0.0013857515949705268
235.71140381274463,2.004785852518325,0.0013564367671190316
235.26413359678114,2.004813071281007,0.0013279796647315612
234.81855758618119,2.0048401070629773,0.0013003506853333196
234.3746661729748,2.00486695068669,0.0012735212600890001
233.93244982170503,2.0048935940145594,0.0012474638293859751
233.49189906874514,2.004920029866205,0.0012221518170787953
233.05300452162342,2.004946251941756,0.0011975596037390567
232.6157568583558,2.004972254750802,0.001173662499207059
232.18014682678591,2.0049980335466056,0.0011504367146997299
231.74616524393207,2.00502358426521,0.0011278593346922335
231.31380299534263,2.005048903469111,0.0011059082887581737
230.88305103445748,2.0050739882951523,0.0010845623235247047
230.45390038197706,2.0050988364063578,0.001063800974873892
230.02634212523873,2.0051234459474134,0.0010436045404997355
229.60036741759936,2.0051478155035283,0.0010239540529111885
229.17596747782562,2.0051719440624423,0.0010048312529549101
228.75313358949015,2.005195830979335,0.000986218563916987
228.33185710037506,2.005219475944436,0.0009680990662504311
227.91212942188173,2.0052428789531245,0.0009504564729643601
227.49394202844707,2.005266040278343,0.0009332751057015258
227.0772864569664,2.0052889604451507,0.000916539871522778
226.66215430622242,2.0053116402072515,0.0009002362404103067
226.24853723632057,2.005334080525357,0.000884350223495573
225.83642696813052,2.0053562825472415,0.0008688683520129749
225.42581528273394,2.005378247589361,0.0008537776569760812
225.0166940208778,2.0053999771199233,0.0008390656495698095
224.60905508243417,2.005421472743295,0.0008247203022490148
224.20289042586558,2.0054427361856453,0.0008107300305315725
223.79819206769614,2.0054637692817385,0.000797083675472095
223.3949520819886,2.005484573962775,0.0007837704868008981
222.99316259982672,2.0055051522452185,0.0007707801067115863
222.5928158088037,2.0055255062205175,0.0007581025542797183
222.1939039525155,2.005545638045669,0.0007457282104943106
221.79641933006025,2.0055655499345444,0.0007336478038835092
221.40035429554223,2.005585244149935,0.0007218523967154128
221.0057012575823,2.0056047229962486,0.000710333371754962
220.61245267883217,2.005623988812818,0.0006990824195577312
220.22060107549495,2.0056430439677664,0.0006880915262816393
219.83013901685047,2.0056618908523953,0.0006773529619977304
219.44105912478526,2.005680531876046,0.0006668592694814782
219.05335407332802,2.005698969461405,0.000656603253466394
218.66701658818988,2.0057172060402197,0.00064657797034209
218.28203944630928,2.005735244049384,0.0006367767182793874
217.89841547540183,2.005753085927375,0.0006271930277655056
217.51613755351516,2.0057707341110147,0.0006178206525328343
217.13519860858784,2.0057881910325164,0.0006086535608653033
216.75559161801343,2.0058054591168157,0.0005996859272668528
216.37730960820883,2.005822540779145,0.0005909121244770223
216.00034565418756,2.005839438422844,0.0005823267158192039
215.6246928791368,2.005856154437384,0.0005739244478675864
215.25034445399942,2.0058726911965863,0.0005657002434193623
214.87729359706006,2.005889051057028,0.0005576491947592478
214.50553357353573,2.0059052363566114,0.0005497665572038728
214.13505769517042,2.005921249413286,0.0005420477429140734
213.7658593198339,2.0059370925239186,0.0005344883149636091
213.39793185112507,2.0059527679632883,0.0005270839816532783
213.0312687379788,2.0059682779832055,0.0005198305910598538
212.6658634742773,2.0059836248117384,0.0005127241258097112
212.30170959846518,2.005998810652545,0.0005057606980674309
211.93880069316862,2.0060138376842955,0.0004989365447300783
211.5771303848185,2.006028708060181,0.0004922480228182511
211.2166923432771,2.0060434239075007,0.0004856916050553689
210.8574802814688,2.0060579873273245,0.0004792638756270531
210.49948795501473,2.0060724003942174,0.0004729615261127915
210.1427091618706,2.0060866651560247,0.00046678135158242896
209.78713774196896,2.006100783633717,0.0004607202468503477
209.4327675768643,2.0061147578212815,0.00045477520288051445
209.07959258938226,2.0061285896856598,0.00044894330333588407
208.72760674327213,2.0061422811667304,0.00044322172126591943
208.37680404286328,2.0061558341773282,0.0004376077159262847
208.0271785327243,2.006169250603297,0.00043209862972501097
207.67872429732608,2.0061825323035785,0.0004266918852897135
207.3314354607085,2.0061956811103228,0.0004213849826506585
206.98530618614967,2.006208698829032,0.000416175496534727
206.64033067583944,2.0062215872387243,0.00041106107376552944
206.2965031705552,2.0062343480921165,0.00040603943076515273
205.95381794934158,2.0062469831158314,0.0004011083511532154
205.61226932919348,2.0062594940106155,0.0003962656834390983
205.27185166474118,2.0062718824515793,0.0003915093388034052
204.93255934793996,2.0062841500884416,0.0003868372889648928
204.59438680776182,2.0062962985457955,0.0003822475641292605
204.2573285098907,2.0063083294233786,0.0003777382510163688
203.9213789564205,2.0063202442963526,0.0003733074909625947
203.58653268555608,2.006332044715596,0.00036895347809519184
203.25278427131747,2.0063437322079953,0.00036467445757565
202.92012832324656,2.00635530827675,0.00036046872390919427
202.58855948611708,2.006366774401677,0.00035633461931767747
202.2580724396471,2.006378132039522,0.0003522705321732586
201.92866189821444,2.006389382624273,0.00034827489549035893
201.60032261057506,2.0064005275674752,0.0003443461854735057
201.27304935958387,2.0064115682585495,0.0003404829201187838
200.9468369619184,2.0064225060651113,0.00033668365786670014
200.6216802678053,2.00643334233329,0.00033294699630438446
200.29757416074906,2.006444078388048,0.00032927157091511814
199.97451355726395,2.0064547155335015,0.0003256560538732883
199.65249340660816,2.006465255053237,0.0003220991528829359
199.33150869052037,2.0064756982106307,0.00031859961005815214
199.0115544229593,2.0064860462491616,0.0003151562008436536
198.6926256498456,2.006496300392729,0.0003117677329739338
198.37471744880585,2.0065064618459623,0.0003084330454694601
198.0578249289196,2.0065165317945293,0.00030515100766845634
197.74194323046834,2.006526511405447,0.0003019205182928651
197.42706752468735,2.006536401827382,0.0002987405045471526
197.11319301351935,2.006546204190955,0.00029560992124866417
196.80031492937087,2.0065559196090357,0.0002925277499883108
196.48842853487108,2.006565549177041,0.00028949299832040104
196.17752912263236,2.006575093973223,0.00028650469898049646
195.8676120150137,2.006584555058961,0.0002835619091302052
195.5586725638859,2.0065939334790426,0.00028066370962788364
195.25070615039945,2.006603230261945,0.00027780920432425295
194.94370818475417,2.0066124464201147,0.00027499751938198075
194.63767410597123,2.0066215829502365,0.00027222780261831707
194.33259938166722,2.0066306408335066,0.00026949922286991385
194.02847950783047,2.006639621035895,0.0002668109693789899
193.72531000859948,2.0066485245084094,0.0002641622512000406
193.42308643604315,2.0066573521873527,0.0002615522966263243
193.1218043699434,2.0066661049945744,0.00025898035263538434
192.82145941757955,2.006674783837723,0.0002564456843529046
192.52204721351498,2.0066833896104903,0.0002539475745342173
192.22356341938553,2.006691923192855,0.00025148532306281356
191.9260037236899,2.0067003854513175,0.00024905824646522835
191.62936384158215,2.006708777239137,0.0002466656774417086
191.33363951466615,2.0067170993965613,0.0002443069644120797
191.03882651079147,2.006725352751051,0.00024198147107626757
190.74492062385178,2.0067335381175035,0.00023968857598893659
190.45191767358475,2.0067416562984723,0.00023742767214774378
190.1598135053737,2.0067497080843815,0.00023519816659471355
189.86860399005155,2.006757694253735,0.00023299948003026725
189.5782850237059,2.006765615573327,0.0002308310464394543
189.2888525274865,2.006773472798444,0.0002286923127299537
189.0003024474141,2.006781266673065,0.00022658273838142723
188.71263075419128,2.0067889979300597,0.00022450179510582794
188.42583344301468,2.006796667291379,0.00022244896651827333
188.13990653338945,2.0068042754682476,0.00022042374781812042
187.8548460689449,2.006811823161348,0.0002184256454798828
187.5706481172521,2.0068193110610046,0.00021645417695364934
187.28730876964298,2.006826739847362,0.0002145088703746751
187.00482414103115,2.006834110190563,0.00021258926428183077
186.72319036973445,2.0068414227509193,0.00021069490734460287
186.44240361729874,2.006848678179084,0.000208825358098356
186.16246006832384,2.006855877116216,0.00020698018468757307
185.88335593029038,2.006863020194144,0.0002051589646168028
185.60508743338875,2.0068701080355296,0.00020336128450905577
185.32765083034926,2.0068771412540203,0.00020158673987139588
185.0510423962741,2.0068841204544077,0.0001998349348674872
184.77525842847044,2.006891046232778,0.000198105482096862
184.5002952462852,2.0068979191766614,0.00019639800238068777
184.22614919094156,2.0069047398651785,0.00019471212455381582
183.95281662537636,2.006911508869182,0.00019304748526290563
183.6802939340795,2.0069182267513987,0.00019140372877042198
183.4085775229344,2.006924894066569,0.00018978050676431447
183.13766381906004,2.0069315113615787,0.00018817747817319265
182.86754927065437,2.0069380791755953,0.00018659430898681812
182.598230346839,2.0069445980401976,0.0001850306720817383
182.3297035375054,2.006951068479503,0.00018348624705190043
182.06196535316246,2.006957491010293,0.0001819607200440803
181.7950123247854,2.006963866142138,0.0001804537835979747
181.52884100366572,2.0069701943775153,0.00017896513649080545
181.26344796126267,2.0069764762119315,0.00017749448358629315
180.9988297890564,2.006982712134036,0.00017604153568786152
180.7349830984018,2.006988902625736,0.00017460600939593772
180.4719045203838,2.00699504816231,0.00017318762696921875
180.20959070567395,2.0070011492125146,0.00017178611618978197
179.94803832438848,2.007007206238696,0.00017040121023191647
179.68724406594737,2.007013219696894,0.00016903264753456056
179.42720463893437,2.007019190036946,0.00016768017167723354
179.16791677095907,2.0070251177025886,0.00016634353125935146
178.909377208519,2.0070310031315595,0.00016502247978282612
178.65158271686408,2.007036846755693,0.00016371677553784169
178.39453007986137,2.007042649001019,0.0001624261814917161
178.13821609986158,2.007048410287855,0.00016115046518074894
177.88263759756623,2.007054131030902,0.00015988939860496783
177.62779141189637,2.0070598116393317,0.00015864275812568402
177.37367439986215,2.0070654525168794,0.00015741032436577263
177.1202834364338,2.0070710540619303,0.0001561918821125952
176.86761541441322,2.0070766166676046,0.00015498722022348575
176.61566724430722,2.0070821407218435,0.00015379613153372333
176.36443585420147,2.0070876266074924,0.00015261841276691698
176.1139181896359,2.0070930747023796,0.00015145386444773108
175.86411121348038,2.0070984853794,0.00015030229081688273
175.61501190581257,2.00710385900659,0.00014916349974834365
175.36661726379583,2.0071091959472076,0.00014803730266868133
175.11892430155885,2.007114496559806,0.00014692351447847713
174.87193005007572,2.0071197611983065,0.00014582195347576145
174.62563155704737,2.0071249902120765,0.0001447324412814056
174.38002588678432,2.0071301839459945,0.00014365480276641614
174.13511012008945,2.0071353427405247,0.0001425888659810729
173.89088135414258,2.0071404669317845,0.00014153446208586216
173.64733670238607,2.007145556851612,0.00014049142528414999
173.40447329441068,2.0071506128276324,0.0001394595927565474
173.1622882758431,2.007155635183325,0.00013843880459691904
172.92077880823385,2.0071606242380837,0.0001374289037499882
172.67994206894662,2.007165580307283,0.00013642973595049358
172.43977525104822,2.007170503702339,0.00013544114966385402
172.20027556319954,2.007175394730768,0.00013446299602829786
171.96144022954738,2.0071802536962497,0.00013349512879841683
171.72326648961726,2.0071850808986826,0.00013253740429010436
171.485751598207,2.0071898766342433,0.00013158968132683996
171.2488928252813,2.0071946411954418,0.00013065182118728193
171.01268745586714,2.0071993748711776,0.00012972368755413205
170.77713278994997,2.007204077946793,0.00012880514646423816
170.5422261423709,2.007208750704127,0.00012789606625989957
170.3079648427248,2.007213393421571,0.00012699631754134303
170.0743462352588,2.0072180063741145,0.00012610577312033663
169.84136767877214,2.0072225898334,0.00012522430797491148
169.60902654651665,2.0072271440677714,0.00012435179920516041
169.37732022609788,2.007231669342323,0.00012348812599008555
169.14624611937745,2.0072361659189477,0.0001226331695454647
168.91580164237558,2.007240634056384,0.00012178681308271113
168.68598422517505,2.0072450740102625,0.00012094894176869936
168.4567913118256,2.0072494860331513,0.00012011944268653103
168.22822036024922,2.0072538703746012,0.00011929820479721546
168.0002688421459,2.007258227281188,0.00011848511890224214
167.77293424290076,2.007262556996559,0.00011768007760701951
167.5462140614914,2.0072668597614722,0.00011688297528515939
167.3201058103963,2.0072711358138404,0.00011609370804358294
167.09460701550356,2.0072753853887693,0.00011531217368842765
166.8697152160211,2.0072796087186013,0.00011453827169173433
166.64542796438664,2.007283806032953,0.00011377190315889391
166.4217428261794,2.0072879775587547,0.00011301297079683387
166.19865738003173,2.0072921235202883,0.00011226137888292554
165.9761692175417,2.0072962441392255,0.00011151703323459382
165.75427594318668,2.007300339634664,0.00011077984117961077
165.53297517423718,2.0073044102231643,0.00011004971152705634
165.31226454067155,2.0073084561187864,0.0001093265545389281
165.09214168509143,2.007312477533122,0.00010861028190238476
164.87260426263785,2.007316474675333,0.00010790080670260612
164.6536499409079,2.0073204477521824,0.00010719804339625518
164.43527639987227,2.007324396968068,0.00010650190778552564
164.21748133179295,2.0073283225250567,0.00010581231699276149
164.00026244114238,2.0073322246229153,0.00010512918943563396
163.78361744452266,2.007336103459143,0.00010445244480286118
163.5675440705853,2.007339959229003,0.0001037820040304582
163.35204005995212,2.0073437921255506,0.00010311778927850298
163.13710316513638,2.0073476023396672,0.00010245972390840665
162.92273115046473,2.0073513900600872,0.00010180773246067528
162.70892179199956,2.0073551554734275,0.00010116174063315007
162.4956728774622,2.007358898764217,0.00010052167525971598
162.28298220615662,2.0073626201149235,0.00009988746428946611
162.07084758889368,2.0073663197059837,0.00009925903676631091
161.859266847916,2.007369997715827,0.00009863632280902148
161.64823781682355,2.0073736543209066,0.00009801925359169677
161.43775834049958,2.0073772896957216,0.00009740776132464377
161.22782627503727,2.007380904012846,0.00009680177923566163
161.01843948766708,2.0073844974429513,0.00009620124155171886
160.80959585668438,2.007388070154836,0.00009560608348101532
160.60129327137784,2.0073916223154455,0.00009501624119541878
160.3935296319582,2.007395154089899,0.00009443165181326839
160.18630284948793,2.0073986656415124,0.00009385225338253473
159.97961084581115,2.0074021571318235,0.0000932779848643297
159.7734515534841,2.0074056287206123,0.00009270878611675648
159.56782291570613,2.0074090805659255,0.00009214459787909246
159.36272288625148,2.007412512824099,0.00009158536175629755
159.15814942940133,2.007415925649779,0.00009103102020383904
158.95410051987653,2.0074193191959435,0.00009048151651282676
158.75057414277038,2.0074226936139246,0.00008993679479545101
158.54756829348295,2.007426049053429,0.00008939679997071614
158.34508097765473,2.007429385662558,0.00008886147775046278
158.14311021110163,2.0074327035878277,0.00008833077462567228
157.94165401974988,2.007436002974191,0.00008780463785304698
157.7407104395721,2.007439283965053,0.00008728301544185992
157.54027751652308,2.007442546702295,0.00008676585614106723
157.34035330647671,2.0074457913262904,0.00008625310942667817
157.14093587516305,2.007449017975924,0.00008574472548937648
156.94202329810588,2.007452226788611,0.0000852406552223872
156.7436136605609,2.007455417900314,0.0000847408502095835
156.54570505745411,2.0074585914455616,0.00008424526271382842
156.34829559332113,2.007461747557466,0.0000837538456655458
156.15138338224642,2.007464886367739,0.00008326655265151548
155.95496654780334,2.0074680080067098,0.00008278333790388785
155.75904322299453,2.0074711126033415,0.0000823041562894125
155.5636115501928,2.007474200285248,0.00008182896329887656
155.36866968108228,2.0074772711787086,0.00008135771503674797
155.17421577660036,2.0074803254086846,0.00008089036821101915
154.98024800687958,2.0074833630988356,0.0000804268801232465
154.78676455119057,2.007486384371534,0.00007996720865878153
154.59376359788487,2.007489389347879,0.00007951131227718973
154.4012433443383,2.0074923781477145,0.00007905915000285225
154.20920199689513,2.0074953508896405,0.00007861068141574778
154.01763777081197,2.007498307691028,0.00007816586664240836
153.82654889020304,2.007501248668035,0.00007772466634704884
153.63593358798468,2.0075041739356188,0.00007728704172286246
153.44579010582135,2.007507083607548,0.00007685295448348161
153.25611669407127,2.00750997779642,0.00007642236685459907
153.0669116117329,2.007512856613671,0.00007599524156574671
152.8781731263917,2.0075157201695886,0.00007557154184222834
152.68989951416705,2.0075185685733272,0.00007515123139720196
152.50208905966014,2.0075214019329177,0.00007473427442391144
152.31474005590127,2.0075242203552817,0.00007432063558806061
152.12785080429896,2.0075270239462424,0.00007391028002032988
151.9414196145878,2.0075298128105366,0.00007350317330903031
151.75544480477805,2.0075325870518275,0.00007309928149289357
151.56992470110475,2.007535346772714,0.0000726985710539939
151.38485763797757,2.0075380920747437,0.00007230100891080021
151.2002419579313,2.0075408230584233,0.00007190656241135525
151.0160760115757,2.0075435398232298,0.00007151519932657817
150.83235815754705,2.007546242467619,0.00007112688784369046
150.6490867624589,2.0075489310890404,0.00007074159655975931
150.46626020085398,2.007551605783942,0.00007035929447535962
150.28387685515597,2.007554266647785,0.00006997995098834873
150.10193511562187,2.0075569137750504,0.00006960353588775408
149.92043338029464,2.007559547259251,0.00006923001934777035
149.73937005495608,2.0075621671929387,0.00006885937192186392
149.55874355308043,2.0075647736677147,0.00006849156453698312
149.3785522957875,2.00756736677424,0.00006812656848787048
149.1987947117974,2.007569946602242,0.00006776435543147742
149.0194692373842,2.0075725132405244,0.00006740489738147682
148.84057431633093,2.007575066776976,0.000067048166702873
148.6621083998845,2.007577607298577,0.00006669413610670674
148.48406994671095,2.0075801348914117,0.00006634277864485321
148.30645742285128,2.007582649640671,0.0000659940677049116
148.129269301677,2.007585151630663,0.00006564797700518302
147.95250406384687,2.007587640944821,0.0000653044805897378
147.776160197263,2.0075901176657105,0.00006496355282356677
147.60023619702815,2.0075925818750355,0.00006462516838781835
147.42473056540268,2.0075950336536468,0.00006428930227511678
147.24964181176207,2.007597473081548,0.00006395592978496219
147.07496845255477,2.007599900237902,0.00006362502651920953
146.90070901126026,2.00760231520104,0.00006329656837762516
146.72686201834756,2.007604718048463,0.00006297053155352002
146.55342601123363,2.0076071088568543,0.00006264689252945663
146.38039953424283,2.007609487702079,0.00006232562807303077
146.20778113856562,2.007611854659195,0.00006200671523272315
146.03556938221865,2.007614209802454,0.00006169013133382339
145.8637628300043,2.0076165532053114,0.00006137585397442133
145.69236005347082,2.007618884940429,0.00006106386102146742
145.52135963087284,2.007621205079679,0.00006075413060689853
145.35076014713206,2.007623513694151,0.000060446641123829505
145.18056019379821,2.007625810854157,0.00006014137122280858
145.01075836901012,2.007628096629233,0.00005983829980813465
144.84135327745756,2.007630371088145,0.00005953740603423734
144.67234353034266,2.007632634298893,0.000059238669302116114
144.50372774534227,2.0076348863287157,0.00005894206925583927
144.33550454657004,2.0076371272440907,0.00005864758577910066
144.16767256453912,2.0076393571107425,0.00005835519899183341
144.00023043612507,2.0076415759936417,0.00005806488924687953
143.8331768045286,2.0076437839570103,0.000057776637126713994
143.66651031923948,2.0076459810643232,0.000057490423440223355
143.5002296359996,2.007648167378311,0.000057206229219535904
143.33433341676724,2.0076503429609622,0.000056924035716905025
143.1688203296809,2.007652507873526,0.000056643824401642146
143.00368904902385,2.0076546621765123,0.000056365576957100124
142.83893825518857,2.0076568059296944,0.00005608927527770556
142.6745666346417,2.00765893919211,0.000055814901466038974
142.51057287988928,2.007661062022062,0.00005554243782996236
142.34695568944161,2.007663174477118,0.000055271866879792254
142.18371376777944,2.007665276614113,0.000055003171325519765
142.0208458253192,2.007667368489149,0.000054736334074073166
141.8583505783795,2.007669450157591,0.00005447133822662615
141.69622674914703,2.0076715216740726,0.00005420816707594774
141.53447306564345,2.0076735830924894,0.00005394680410379497
141.37308826169175,2.0076756344660014,0.00005368723297834687
141.2120710768834,2.00767767584703,0.00005342943755167905
141.0514202565457,2.0076797072872563,0.00005317340185727851
140.89113455170872,2.0076817288376176,0.00005291911010759687
140.7312127190734,2.0076837405483077,0.000052666546691643324
140.5716535209792,2.0076857424687695,0.00005241569617261414
140.4124557253722,2.007687734647696,0.00005216654328556026
140.25361810577337,2.0076897171330215,0.000051919072935090735
140.09513944124706,2.007691689971921,0.00005167327019311229
139.93701851636985,2.0076936532108043,0.00005142912029660409
139.77925412119916,2.0076956068953082,0.000051186608645426635
139.62184505124287,2.0076975510702946,0.000050945720800165426
139.46479010742817,2.0076994857798387,0.00005070644248000678
139.30808809607151,2.0077014110672278,0.00005046875956064774
139.15173782884813,2.007703326974948,0.00005023265807223697
138.99573812276196,2.00770523354468,0.00004999812419734798
138.8400878001161,2.0077071308172876,0.000049765144268983135
138.68478568848283,2.0077090188328093,0.00004953370476860822
138.5298306206745,2.007710897630446,0.000049303792324217045
138.3752214347139,2.007712767248552,0.000049075393708425176
138.22095697380567,2.0077146277246216,0.0000488484958365933
138.06703608630696,2.0077164790952766,0.00004862308576497797
137.91345762569927,2.007718321396251,0.00004839915068891166
137.76022045055961,2.007720154662379,0.00004817667794100889
137.60732342453238,2.0077219789275755,0.000047955654989400266
137.45476541630117,2.0077237942248236,0.000047736069435992734
137.3025452995611,2.007725600586152,0.00004751790901475597
137.15066195299076,2.0077273980426193,0.00004730116159003419
136.99911426022504,2.00772918662429,0.000047085815154883576
136.84790110982743,2.0077309663602168,0.00004687185782943388
136.69702139526314,2.0077327372784133,0.00004665927785927487
136.54647401487188,2.0077344994058315,0.00004644806361386647
136.39625787184121,2.0077362527683342,0.00004623820358497236
136.24637187417983,2.0077379973906675,0.000046029686385116905
136.09681493469117,2.0077397332964306,0.00004582250074606452
135.947585970947,2.0077414605080426,0.000045616635517321736
135.79868390526138,2.007743179046709,0.00004541207966466093
135.65010766466486,2.007744888932387,0.00004520882226866574
135.50185618087832,2.0077465901837437,0.000045006852523297815
135.35392839028785,2.0077482828181172,0.00004480615973448442
135.20632323391894,2.0077499668514704,0.00004460673331872648
135.0590396574114,2.007751642298346,0.000044408562801726886
134.9120766109942,2.007753309171815,0.00004421163781703873
134.7654330494605,2.0077549674834225,0.00004401594810473297
134.61910793214295,2.0077566172431327,0.0000438214835100853
134.47310022288897,2.007758258459266,0.000043628233982282154
134.32740889003648,2.0077598911384325,0.000043436189573144775
134.18203290638925,2.0077615152854658,0.00004324534043587216
134.03697124919316,2.0077631309033435,0.00004305567682380161
133.89222290011196,2.007764737993111,0.00004286718908918704
133.74778684520354,2.007766336553793,0.00004267986768199475
133.6036620748962,2.007767926582303,0.00004249370314871626
133.45984758396517,2.007769508073343,0.00004230868613119797
133.3163423715093,2.0077710810192992,0.00004212480736548749
133.17314544092767,2.0077726454101255,0.00004194205768069603
133.03025579989662,2.007774201233224,0.000041760427997877035
132.88767246034692,2.007775748473309,0.000041579909328920616
132.74539443844077,2.00777728711227,0.000041400492775463274
132.60342075454938,2.0077788171290116,0.00004122216952781308
132.46175043323043,2.0077803384992956,0.0000410449308638899
132.32038250320562,2.0077818511955545,0.00004086876814818017
132.17931599733865,2.007783355186704,0.000040693672830706695
132.03854995261307,2.007784850437929,0.000040519636446012065
131.89808341011027,2.0077863369104607,0.00004034665061215686
131.75791541498796,2.007787814561326,0.00004017470702973134
131.61804501645824,2.0077892833430813,0.00004000379748088075
131.47847126776634,2.007790743203522,0.00003983391382834439
131.33919322616916,2.0077921940853622,0.00003966504801450748
131.20020995291395,2.007793635925892,0.00003949719206046636
131.06152051321737,2.007795068656594,0.000039330338065106316
130.92312397624463,2.0077964922027336,0.000039164478204192275
130.78501941508824,2.007797906482902,0.00003899960472947141
130.6472059067478,2.0077993114085197,0.00003883570996778851
130.5096825321091,2.0078007068832857,0.00003867278632021306
130.37244837592394,2.007802092802578,0.00003851082626117824
130.23550252678956,2.007803469052784,0.00003834982233763163
130.09884407712875,2.0078048355105675,0.000038189767168197265
129.96247212316945,2.007806192042049,0.0000380306534423491
129.82638576492528,2.007807538501905,0.00003787247391959569
129.69058410617538,2.007808874732358,0.00003771522142867548
129.5550662544448,2.0078102005620546,0.00003755888886676327
129.41983132098503,2.0078115158048115,0.00003740346919868708
129.2848784207546,2.00781282025821,0.00003724895545615553
129.15020667239966,2.007814113702017,0.00003709534073699552
129.01581519823483,2.0078153958964067,0.00003694261820440005
128.88170312422417,2.0078166665799553,0.00003679078108618598
128.74786957996224,2.0078179254673643,0.00003663982267406179
128.61431369865522,2.0078191722468794,0.000036489736322904764
128.48103461710224,2.0078204065773413,0.000036340515450047887
128.34803147567666,2.0078216280848196,0.000036192153534576195
128.21530341830783,2.0078228363587414,0.00003604464411663219
128.08284959246245,2.007824030947432,0.00003589798079673054
127.9506691491266,2.0078252113529538,0.000035752157235081643
127.81876124278728,2.007826377025107,0.00003560716715092406
127.68712503141467,2.007827527354424,0.00003546300432186582
127.55575967644408,2.0078286616639454,0.00003531966258323399
127.42466434275813,2.007829779199525,0.00003517713582743294
127.29383819866905,2.0078308791183206,0.00003503541800331093
127.16328041590118,2.007831960475064,0.00003489450311553481
127.03299016957342,2.007833022205569,0.00003475438522397277
126.90296663818185,2.0078340631067855,0.000034615058443085223
126.77320900358248,2.0078350818124897,0.00003447651694132339
126.6437164509741,2.0078360767634305,0.00003433875494053562
126.51448816888127,2.0078370461703283,0.000034201766715381505
126.38552334913726,2.0078379879675796,0.00003406554659275318
126.25682118686726,2.0078388997547294,0.000033930088951204294
126.1283808804717,2.0078397787216122,0.000033795388220386195
126.0002016316094,2.007840621551389,0.00003366143888049123
125.87228264518137,2.007841424293161,0.00003352823546170318
125.74462312931408,2.007842182191972,0.00003339577254365468
125.61722229534313,2.0078428894578697,0.000033264044754891435
125.49007935779723,2.0078435389458615,0.00003313304677234337
125.36319353438185,2.0078441217020813,0.00003300277332080222
125.23656404596329,2.0078446263030596,0.00003287321917240585
125.11019011655263,2.0078450378636994,0.000032744379146129135
124.98407097328999,2.0078453364926703,0.00003261624810728102
124.85820584642866,2.0078454947800695,0.00003248882096700806
124.7325939693196,2.0078454734864852,0.000032362092681804044
124.60723457839563,2.007845213632134,0.000032236058253025824
124.48212691315626,2.0078446206601352,0.000032110712726415175
124.35727021615212,2.0078435287699974,0.00003198605119162653
124.23266373296958,2.007841605716264,0.000031862068781760616
124.10830671221586,2.0078380192853817,0.00003173876067290393
123.98419840550366,2.007829434239836,0.00003161612208367379
